,27_vwap,27_vol,27_return
2010-01-05,5838.585253704991,0.0,1.0
2010-01-06,5838.585253704991,0.0,1.0
2010-01-07,5838.585253704991,0.0,1.0
2010-01-08,5838.585253704991,0.0,1.0
2010-01-09,5838.585253704991,0.0,1.0
2010-01-10,5838.585253704991,0.0,1.0
2010-01-11,5838.585253704991,0.0,1.0
2010-01-12,5838.585253704991,0.0,1.0
2010-01-13,5838.585253704991,0.0,1.0
2010-01-14,5838.585253704991,0.0,1.0
2010-01-15,5838.585253704991,0.0,1.0
2010-01-16,5838.585253704991,0.0,1.0
2010-01-17,5838.585253704991,0.0,1.0
2010-01-18,5838.585253704991,0.0,1.0
2010-01-19,5838.585253704991,0.0,1.0
2010-01-20,5838.585253704991,0.0,1.0
2010-01-21,5838.585253704991,0.0,1.0
2010-01-22,5838.585253704991,0.0,1.0
2010-01-23,5838.585253704991,0.0,1.0
2010-01-24,5838.585253704991,0.0,1.0
2010-01-25,5838.585253704991,0.0,1.0
2010-01-26,5838.585253704991,0.0,1.0
2010-01-27,5838.585253704991,0.0,1.0
2010-01-28,5838.585253704991,0.0,1.0
2010-01-29,5838.585253704991,0.0,1.0
2010-01-30,5838.585253704991,0.0,1.0
2010-01-31,5838.585253704991,0.0,1.0
2010-02-01,5838.585253704991,0.0,1.0
2010-02-02,5838.585253704991,0.0,1.0
2010-02-03,5838.585253704991,0.0,1.0
2010-02-04,5838.585253704991,0.0,1.0
2010-02-05,5838.585253704991,0.0,1.0
2010-02-06,5838.585253704991,0.0,1.0
2010-02-07,5838.585253704991,0.0,1.0
2010-02-08,5838.585253704991,0.0,1.0
2010-02-09,5838.585253704991,0.0,1.0
2010-02-10,5838.585253704991,0.0,1.0
2010-02-11,5838.585253704991,0.0,1.0
2010-02-12,5838.585253704991,0.0,1.0
2010-02-13,5838.585253704991,0.0,1.0
2010-02-14,5838.585253704991,0.0,1.0
2010-02-15,5838.585253704991,0.0,1.0
2010-02-16,5838.585253704991,0.0,1.0
2010-02-17,5838.585253704991,0.0,1.0
2010-02-18,5838.585253704991,0.0,1.0
2010-02-19,5838.585253704991,0.0,1.0
2010-02-20,5838.585253704991,0.0,1.0
2010-02-21,5838.585253704991,0.0,1.0
2010-02-22,5838.585253704991,0.0,1.0
2010-02-23,5838.585253704991,0.0,1.0
2010-02-24,5838.585253704991,0.0,1.0
2010-02-25,5838.585253704991,0.0,1.0
2010-02-26,5838.585253704991,0.0,1.0
2010-02-27,5838.585253704991,0.0,1.0
2010-02-28,5838.585253704991,0.0,1.0
2010-03-01,5838.585253704991,0.0,1.0
2010-03-02,5838.585253704991,0.0,1.0
2010-03-03,5838.585253704991,0.0,1.0
2010-03-04,5838.585253704991,0.0,1.0
2010-03-05,5838.585253704991,0.0,1.0
2010-03-06,5838.585253704991,0.0,1.0
2010-03-07,5838.585253704991,0.0,1.0
2010-03-08,5838.585253704991,0.0,1.0
2010-03-09,5838.585253704991,0.0,1.0
2010-03-10,5838.585253704991,0.0,1.0
2010-03-11,5838.585253704991,0.0,1.0
2010-03-12,5838.585253704991,0.0,1.0
2010-03-13,5838.585253704991,0.0,1.0
2010-03-14,5838.585253704991,0.0,1.0
2010-03-15,5838.585253704991,0.0,1.0
2010-03-16,5838.585253704991,0.0,1.0
2010-03-17,5838.585253704991,0.0,1.0
2010-03-18,5838.585253704991,0.0,1.0
2010-03-19,5838.585253704991,0.0,1.0
2010-03-20,5838.585253704991,0.0,1.0
2010-03-21,5838.585253704991,0.0,1.0
2010-03-22,5838.585253704991,0.0,1.0
2010-03-23,5838.585253704991,0.0,1.0
2010-03-24,5838.585253704991,0.0,1.0
2010-03-25,5838.585253704991,0.0,1.0
2010-03-26,5838.585253704991,0.0,1.0
2010-03-27,5838.585253704991,0.0,1.0
2010-03-28,5838.585253704991,0.0,1.0
2010-03-29,5838.585253704991,0.0,1.0
2010-03-30,5838.585253704991,0.0,1.0
2010-03-31,5838.585253704991,0.0,1.0
2010-04-01,5838.585253704991,0.0,1.0
2010-04-02,5838.585253704991,0.0,1.0
2010-04-03,5838.585253704991,0.0,1.0
2010-04-04,5838.585253704991,0.0,1.0
2010-04-05,5838.585253704991,0.0,1.0
2010-04-06,5838.585253704991,0.0,1.0
2010-04-07,5838.585253704991,0.0,1.0
2010-04-08,5838.585253704991,0.0,1.0
2010-04-09,5838.585253704991,0.0,1.0
2010-04-10,5838.585253704991,0.0,1.0
2010-04-11,5838.585253704991,0.0,1.0
2010-04-12,5838.585253704991,0.0,1.0
2010-04-13,5838.585253704991,0.0,1.0
2010-04-14,5838.585253704991,0.0,1.0
2010-04-15,5838.585253704991,0.0,1.0
2010-04-16,5838.585253704991,0.0,1.0
2010-04-17,5838.585253704991,0.0,1.0
2010-04-18,5838.585253704991,0.0,1.0
2010-04-19,5838.585253704991,0.0,1.0
2010-04-20,5838.585253704991,0.0,1.0
2010-04-21,5838.585253704991,0.0,1.0
2010-04-22,5838.585253704991,0.0,1.0
2010-04-23,5838.585253704991,0.0,1.0
2010-04-24,5838.585253704991,0.0,1.0
2010-04-25,5838.585253704991,0.0,1.0
2010-04-26,5838.585253704991,0.0,1.0
2010-04-27,5838.585253704991,0.0,1.0
2010-04-28,5838.585253704991,0.0,1.0
2010-04-29,5838.585253704991,0.0,1.0
2010-04-30,5838.585253704991,0.0,1.0
2010-05-01,5838.585253704991,0.0,1.0
2010-05-02,5838.585253704991,0.0,1.0
2010-05-03,5838.585253704991,0.0,1.0
2010-05-04,5838.585253704991,0.0,1.0
2010-05-05,5838.585253704991,0.0,1.0
2010-05-06,5838.585253704991,0.0,1.0
2010-05-07,5838.585253704991,0.0,1.0
2010-05-08,5838.585253704991,0.0,1.0
2010-05-09,5838.585253704991,0.0,1.0
2010-05-10,5838.585253704991,0.0,1.0
2010-05-11,5838.585253704991,0.0,1.0
2010-05-12,5838.585253704991,0.0,1.0
2010-05-13,5838.585253704991,0.0,1.0
2010-05-14,5838.585253704991,0.0,1.0
2010-05-15,5838.585253704991,0.0,1.0
2010-05-16,5838.585253704991,0.0,1.0
2010-05-17,5838.585253704991,0.0,1.0
2010-05-18,5838.585253704991,0.0,1.0
2010-05-19,5838.585253704991,0.0,1.0
2010-05-20,5838.585253704991,0.0,1.0
2010-05-21,5838.585253704991,0.0,1.0
2010-05-22,5838.585253704991,0.0,1.0
2010-05-23,5838.585253704991,0.0,1.0
2010-05-24,5838.585253704991,0.0,1.0
2010-05-25,5838.585253704991,0.0,1.0
2010-05-26,5838.585253704991,0.0,1.0
2010-05-27,5838.585253704991,0.0,1.0
2010-05-28,5838.585253704991,0.0,1.0
2010-05-29,5838.585253704991,0.0,1.0
2010-05-30,5838.585253704991,0.0,1.0
2010-05-31,5838.585253704991,0.0,1.0
2010-06-01,5838.585253704991,0.0,1.0
2010-06-02,5838.585253704991,0.0,1.0
2010-06-03,5838.585253704991,0.0,1.0
2010-06-04,5838.585253704991,0.0,1.0
2010-06-05,5838.585253704991,0.0,1.0
2010-06-06,5838.585253704991,0.0,1.0
2010-06-07,5838.585253704991,0.0,1.0
2010-06-08,5838.585253704991,0.0,1.0
2010-06-09,5838.585253704991,0.0,1.0
2010-06-10,5838.585253704991,0.0,1.0
2010-06-11,5838.585253704991,0.0,1.0
2010-06-12,5838.585253704991,0.0,1.0
2010-06-13,5838.585253704991,0.0,1.0
2010-06-14,5838.585253704991,0.0,1.0
2010-06-15,5838.585253704991,0.0,1.0
2010-06-16,5838.585253704991,0.0,1.0
2010-06-17,5838.585253704991,0.0,1.0
2010-06-18,5838.585253704991,0.0,1.0
2010-06-19,5838.585253704991,0.0,1.0
2010-06-20,5838.585253704991,0.0,1.0
2010-06-21,5838.585253704991,0.0,1.0
2010-06-22,5838.585253704991,0.0,1.0
2010-06-23,5838.585253704991,0.0,1.0
2010-06-24,5838.585253704991,0.0,1.0
2010-06-25,5838.585253704991,0.0,1.0
2010-06-26,5838.585253704991,0.0,1.0
2010-06-27,5838.585253704991,0.0,1.0
2010-06-28,5838.585253704991,0.0,1.0
2010-06-29,5838.585253704991,0.0,1.0
2010-06-30,5838.585253704991,0.0,1.0
2010-07-01,5838.585253704991,0.0,1.0
2010-07-02,5838.585253704991,0.0,1.0
2010-07-03,5838.585253704991,0.0,1.0
2010-07-04,5838.585253704991,0.0,1.0
2010-07-05,5838.585253704991,0.0,1.0
2010-07-06,5838.585253704991,0.0,1.0
2010-07-07,5838.585253704991,0.0,1.0
2010-07-08,5838.585253704991,0.0,1.0
2010-07-09,5838.585253704991,0.0,1.0
2010-07-10,5838.585253704991,0.0,1.0
2010-07-11,5838.585253704991,0.0,1.0
2010-07-12,5838.585253704991,0.0,1.0
2010-07-13,5838.585253704991,0.0,1.0
2010-07-14,5838.585253704991,0.0,1.0
2010-07-15,5838.585253704991,0.0,1.0
2010-07-16,5838.585253704991,0.0,1.0
2010-07-17,5838.585253704991,0.0,1.0
2010-07-18,5838.585253704991,0.0,1.0
2010-07-19,5838.585253704991,0.0,1.0
2010-07-20,5838.585253704991,0.0,1.0
2010-07-21,5838.585253704991,0.0,1.0
2010-07-22,5838.585253704991,0.0,1.0
2010-07-23,5838.585253704991,0.0,1.0
2010-07-24,5838.585253704991,0.0,1.0
2010-07-25,5838.585253704991,0.0,1.0
2010-07-26,5838.585253704991,0.0,1.0
2010-07-27,5838.585253704991,0.0,1.0
2010-07-28,5838.585253704991,0.0,1.0
2010-07-29,5838.585253704991,0.0,1.0
2010-07-30,5838.585253704991,0.0,1.0
2010-07-31,5838.585253704991,0.0,1.0
2010-08-01,5838.585253704991,0.0,1.0
2010-08-02,5838.585253704991,0.0,1.0
2010-08-03,5838.585253704991,0.0,1.0
2010-08-04,5838.585253704991,0.0,1.0
2010-08-05,5838.585253704991,0.0,1.0
2010-08-06,5838.585253704991,0.0,1.0
2010-08-07,5838.585253704991,0.0,1.0
2010-08-08,5838.585253704991,0.0,1.0
2010-08-09,5838.585253704991,0.0,1.0
2010-08-10,5838.585253704991,0.0,1.0
2010-08-11,5838.585253704991,0.0,1.0
2010-08-12,5838.585253704991,0.0,1.0
2010-08-13,5838.585253704991,0.0,1.0
2010-08-14,5838.585253704991,0.0,1.0
2010-08-15,5838.585253704991,0.0,1.0
2010-08-16,5838.585253704991,0.0,1.0
2010-08-17,5838.585253704991,0.0,1.0
2010-08-18,5838.585253704991,0.0,1.0
2010-08-19,5838.585253704991,0.0,1.0
2010-08-20,5838.585253704991,0.0,1.0
2010-08-21,5838.585253704991,0.0,1.0
2010-08-22,5838.585253704991,0.0,1.0
2010-08-23,5838.585253704991,0.0,1.0
2010-08-24,5838.585253704991,0.0,1.0
2010-08-25,5838.585253704991,0.0,1.0
2010-08-26,5838.585253704991,0.0,1.0
2010-08-27,5838.585253704991,0.0,1.0
2010-08-28,5838.585253704991,0.0,1.0
2010-08-29,5838.585253704991,0.0,1.0
2010-08-30,5838.585253704991,0.0,1.0
2010-08-31,5838.585253704991,0.0,1.0
2010-09-01,5838.585253704991,0.0,1.0
2010-09-02,5838.585253704991,0.0,1.0
2010-09-03,5838.585253704991,0.0,1.0
2010-09-04,5838.585253704991,0.0,1.0
2010-09-05,5838.585253704991,0.0,1.0
2010-09-06,5838.585253704991,0.0,1.0
2010-09-07,5838.585253704991,0.0,1.0
2010-09-08,5838.585253704991,0.0,1.0
2010-09-09,5838.585253704991,0.0,1.0
2010-09-10,5838.585253704991,0.0,1.0
2010-09-11,5838.585253704991,0.0,1.0
2010-09-12,5838.585253704991,0.0,1.0
2010-09-13,5838.585253704991,0.0,1.0
2010-09-14,5838.585253704991,0.0,1.0
2010-09-15,5838.585253704991,0.0,1.0
2010-09-16,5838.585253704991,0.0,1.0
2010-09-17,5838.585253704991,0.0,1.0
2010-09-18,5838.585253704991,0.0,1.0
2010-09-19,5838.585253704991,0.0,1.0
2010-09-20,5838.585253704991,0.0,1.0
2010-09-21,5838.585253704991,0.0,1.0
2010-09-22,5838.585253704991,0.0,1.0
2010-09-23,5838.585253704991,0.0,1.0
2010-09-24,5838.585253704991,0.0,1.0
2010-09-25,5838.585253704991,0.0,1.0
2010-09-26,5838.585253704991,0.0,1.0
2010-09-27,5838.585253704991,0.0,1.0
2010-09-28,5838.585253704991,0.0,1.0
2010-09-29,5838.585253704991,0.0,1.0
2010-09-30,5838.585253704991,0.0,1.0
2010-10-01,5838.585253704991,0.0,1.0
2010-10-02,5838.585253704991,0.0,1.0
2010-10-03,5838.585253704991,0.0,1.0
2010-10-04,5838.585253704991,0.0,1.0
2010-10-05,5838.585253704991,0.0,1.0
2010-10-06,5838.585253704991,0.0,1.0
2010-10-07,5838.585253704991,0.0,1.0
2010-10-08,5838.585253704991,0.0,1.0
2010-10-09,5838.585253704991,0.0,1.0
2010-10-10,5838.585253704991,0.0,1.0
2010-10-11,5838.585253704991,0.0,1.0
2010-10-12,5838.585253704991,0.0,1.0
2010-10-13,5838.585253704991,0.0,1.0
2010-10-14,5838.585253704991,0.0,1.0
2010-10-15,5838.585253704991,0.0,1.0
2010-10-16,5838.585253704991,0.0,1.0
2010-10-17,5838.585253704991,0.0,1.0
2010-10-18,5838.585253704991,0.0,1.0
2010-10-19,5838.585253704991,0.0,1.0
2010-10-20,5838.585253704991,0.0,1.0
2010-10-21,5838.585253704991,0.0,1.0
2010-10-22,5838.585253704991,0.0,1.0
2010-10-23,5838.585253704991,0.0,1.0
2010-10-24,5838.585253704991,0.0,1.0
2010-10-25,5838.585253704991,0.0,1.0
2010-10-26,5838.585253704991,0.0,1.0
2010-10-27,5838.585253704991,0.0,1.0
2010-10-28,5838.585253704991,0.0,1.0
2010-10-29,5838.585253704991,0.0,1.0
2010-10-30,5838.585253704991,0.0,1.0
2010-10-31,5838.585253704991,0.0,1.0
2010-11-01,5838.585253704991,0.0,1.0
2010-11-02,5838.585253704991,0.0,1.0
2010-11-03,5838.585253704991,0.0,1.0
2010-11-04,5838.585253704991,0.0,1.0
2010-11-05,5838.585253704991,0.0,1.0
2010-11-06,5838.585253704991,0.0,1.0
2010-11-07,5838.585253704991,0.0,1.0
2010-11-08,5838.585253704991,0.0,1.0
2010-11-09,5838.585253704991,0.0,1.0
2010-11-10,5838.585253704991,0.0,1.0
2010-11-11,5838.585253704991,0.0,1.0
2010-11-12,5838.585253704991,0.0,1.0
2010-11-13,5838.585253704991,0.0,1.0
2010-11-14,5838.585253704991,0.0,1.0
2010-11-15,5838.585253704991,0.0,1.0
2010-11-16,5838.585253704991,0.0,1.0
2010-11-17,5838.585253704991,0.0,1.0
2010-11-18,5838.585253704991,0.0,1.0
2010-11-19,5838.585253704991,0.0,1.0
2010-11-20,5838.585253704991,0.0,1.0
2010-11-21,5838.585253704991,0.0,1.0
2010-11-22,5838.585253704991,0.0,1.0
2010-11-23,5838.585253704991,0.0,1.0
2010-11-24,5838.585253704991,0.0,1.0
2010-11-25,5838.585253704991,0.0,1.0
2010-11-26,5838.585253704991,0.0,1.0
2010-11-27,5838.585253704991,0.0,1.0
2010-11-28,5838.585253704991,0.0,1.0
2010-11-29,5838.585253704991,0.0,1.0
2010-11-30,5838.585253704991,0.0,1.0
2010-12-01,5838.585253704991,0.0,1.0
2010-12-02,5838.585253704991,0.0,1.0
2010-12-03,5838.585253704991,0.0,1.0
2010-12-04,5838.585253704991,0.0,1.0
2010-12-05,5838.585253704991,0.0,1.0
2010-12-06,5838.585253704991,0.0,1.0
2010-12-07,5838.585253704991,0.0,1.0
2010-12-08,5838.585253704991,0.0,1.0
2010-12-09,5838.585253704991,0.0,1.0
2010-12-10,5838.585253704991,0.0,1.0
2010-12-11,5838.585253704991,0.0,1.0
2010-12-12,5838.585253704991,0.0,1.0
2010-12-13,5838.585253704991,0.0,1.0
2010-12-14,5838.585253704991,0.0,1.0
2010-12-15,5838.585253704991,0.0,1.0
2010-12-16,5838.585253704991,0.0,1.0
2010-12-17,5838.585253704991,0.0,1.0
2010-12-18,5838.585253704991,0.0,1.0
2010-12-19,5838.585253704991,0.0,1.0
2010-12-20,5838.585253704991,0.0,1.0
2010-12-21,5838.585253704991,0.0,1.0
2010-12-22,5838.585253704991,0.0,1.0
2010-12-23,5838.585253704991,0.0,1.0
2010-12-24,5838.585253704991,0.0,1.0
2010-12-25,5838.585253704991,0.0,1.0
2010-12-26,5838.585253704991,0.0,1.0
2010-12-27,5838.585253704991,0.0,1.0
2010-12-28,5838.585253704991,0.0,1.0
2010-12-29,5838.585253704991,0.0,1.0
2010-12-30,5838.585253704991,0.0,1.0
2010-12-31,5838.585253704991,0.0,1.0
2011-01-01,5838.585253704991,0.0,1.0
2011-01-02,5838.585253704991,0.0,1.0
2011-01-03,5838.585253704991,0.0,1.0
2011-01-04,5838.585253704991,0.0,1.0
2011-01-05,5838.585253704991,0.0,1.0
2011-01-06,5838.585253704991,0.0,1.0
2011-01-07,5838.585253704991,0.0,1.0
2011-01-08,5838.585253704991,0.0,1.0
2011-01-09,5838.585253704991,0.0,1.0
2011-01-10,5838.585253704991,0.0,1.0
2011-01-11,5838.585253704991,0.0,1.0
2011-01-12,5838.585253704991,0.0,1.0
2011-01-13,5838.585253704991,0.0,1.0
2011-01-14,5838.585253704991,0.0,1.0
2011-01-15,5838.585253704991,0.0,1.0
2011-01-16,5838.585253704991,0.0,1.0
2011-01-17,5838.585253704991,0.0,1.0
2011-01-18,5838.585253704991,0.0,1.0
2011-01-19,5838.585253704991,0.0,1.0
2011-01-20,5838.585253704991,0.0,1.0
2011-01-21,5838.585253704991,0.0,1.0
2011-01-22,5838.585253704991,0.0,1.0
2011-01-23,5838.585253704991,0.0,1.0
2011-01-24,5838.585253704991,0.0,1.0
2011-01-25,5838.585253704991,0.0,1.0
2011-01-26,5838.585253704991,0.0,1.0
2011-01-27,5838.585253704991,0.0,1.0
2011-01-28,5838.585253704991,0.0,1.0
2011-01-29,5838.585253704991,0.0,1.0
2011-01-30,5838.585253704991,0.0,1.0
2011-01-31,5838.585253704991,0.0,1.0
2011-02-01,5838.585253704991,0.0,1.0
2011-02-02,5838.585253704991,0.0,1.0
2011-02-03,5838.585253704991,0.0,1.0
2011-02-04,5838.585253704991,0.0,1.0
2011-02-05,5838.585253704991,0.0,1.0
2011-02-06,5838.585253704991,0.0,1.0
2011-02-07,5838.585253704991,0.0,1.0
2011-02-08,5838.585253704991,0.0,1.0
2011-02-09,5838.585253704991,0.0,1.0
2011-02-10,5838.585253704991,0.0,1.0
2011-02-11,5838.585253704991,0.0,1.0
2011-02-12,5838.585253704991,0.0,1.0
2011-02-13,5838.585253704991,0.0,1.0
2011-02-14,5838.585253704991,0.0,1.0
2011-02-15,5838.585253704991,0.0,1.0
2011-02-16,5838.585253704991,0.0,1.0
2011-02-17,5838.585253704991,0.0,1.0
2011-02-18,5838.585253704991,0.0,1.0
2011-02-19,5838.585253704991,0.0,1.0
2011-02-20,5838.585253704991,0.0,1.0
2011-02-21,5838.585253704991,0.0,1.0
2011-02-22,5838.585253704991,0.0,1.0
2011-02-23,5838.585253704991,0.0,1.0
2011-02-24,5838.585253704991,0.0,1.0
2011-02-25,5838.585253704991,0.0,1.0
2011-02-26,5838.585253704991,0.0,1.0
2011-02-27,5838.585253704991,0.0,1.0
2011-02-28,5838.585253704991,0.0,1.0
2011-03-01,5838.585253704991,0.0,1.0
2011-03-02,5838.585253704991,0.0,1.0
2011-03-03,5838.585253704991,0.0,1.0
2011-03-04,5838.585253704991,0.0,1.0
2011-03-05,5838.585253704991,0.0,1.0
2011-03-06,5838.585253704991,0.0,1.0
2011-03-07,5838.585253704991,0.0,1.0
2011-03-08,5838.585253704991,0.0,1.0
2011-03-09,5838.585253704991,0.0,1.0
2011-03-10,5838.585253704991,0.0,1.0
2011-03-11,5838.585253704991,0.0,1.0
2011-03-12,5838.585253704991,0.0,1.0
2011-03-13,5838.585253704991,0.0,1.0
2011-03-14,5838.585253704991,0.0,1.0
2011-03-15,5838.585253704991,0.0,1.0
2011-03-16,5838.585253704991,0.0,1.0
2011-03-17,5838.585253704991,0.0,1.0
2011-03-18,5838.585253704991,0.0,1.0
2011-03-19,5838.585253704991,0.0,1.0
2011-03-20,5838.585253704991,0.0,1.0
2011-03-21,5838.585253704991,0.0,1.0
2011-03-22,5838.585253704991,0.0,1.0
2011-03-23,5838.585253704991,0.0,1.0
2011-03-24,5838.585253704991,0.0,1.0
2011-03-25,5838.585253704991,0.0,1.0
2011-03-26,5838.585253704991,0.0,1.0
2011-03-27,5838.585253704991,0.0,1.0
2011-03-28,5838.585253704991,0.0,1.0
2011-03-29,5838.585253704991,0.0,1.0
2011-03-30,5838.585253704991,0.0,1.0
2011-03-31,5838.585253704991,0.0,1.0
2011-04-01,5838.585253704991,0.0,1.0
2011-04-02,5838.585253704991,0.0,1.0
2011-04-03,5838.585253704991,0.0,1.0
2011-04-04,5838.585253704991,0.0,1.0
2011-04-05,5838.585253704991,0.0,1.0
2011-04-06,5838.585253704991,0.0,1.0
2011-04-07,5838.585253704991,0.0,1.0
2011-04-08,5838.585253704991,0.0,1.0
2011-04-09,5838.585253704991,0.0,1.0
2011-04-10,5838.585253704991,0.0,1.0
2011-04-11,5838.585253704991,0.0,1.0
2011-04-12,5838.585253704991,0.0,1.0
2011-04-13,5838.585253704991,0.0,1.0
2011-04-14,5838.585253704991,0.0,1.0
2011-04-15,5838.585253704991,0.0,1.0
2011-04-16,5838.585253704991,0.0,1.0
2011-04-17,5838.585253704991,0.0,1.0
2011-04-18,5838.585253704991,0.0,1.0
2011-04-19,5838.585253704991,0.0,1.0
2011-04-20,5838.585253704991,0.0,1.0
2011-04-21,5838.585253704991,0.0,1.0
2011-04-22,5838.585253704991,0.0,1.0
2011-04-23,5838.585253704991,0.0,1.0
2011-04-24,5838.585253704991,0.0,1.0
2011-04-25,5838.585253704991,0.0,1.0
2011-04-26,5838.585253704991,0.0,1.0
2011-04-27,5838.585253704991,0.0,1.0
2011-04-28,5838.585253704991,0.0,1.0
2011-04-29,5838.585253704991,0.0,1.0
2011-04-30,5838.585253704991,0.0,1.0
2011-05-01,5838.585253704991,0.0,1.0
2011-05-02,5838.585253704991,0.0,1.0
2011-05-03,5838.585253704991,0.0,1.0
2011-05-04,5838.585253704991,0.0,1.0
2011-05-05,5838.585253704991,0.0,1.0
2011-05-06,5838.585253704991,0.0,1.0
2011-05-07,5838.585253704991,0.0,1.0
2011-05-08,5838.585253704991,0.0,1.0
2011-05-09,5838.585253704991,0.0,1.0
2011-05-10,5838.585253704991,0.0,1.0
2011-05-11,5838.585253704991,0.0,1.0
2011-05-12,5838.585253704991,0.0,1.0
2011-05-13,5838.585253704991,0.0,1.0
2011-05-14,5838.585253704991,0.0,1.0
2011-05-15,5838.585253704991,0.0,1.0
2011-05-16,5838.585253704991,0.0,1.0
2011-05-17,5838.585253704991,0.0,1.0
2011-05-18,5838.585253704991,0.0,1.0
2011-05-19,5838.585253704991,0.0,1.0
2011-05-20,5838.585253704991,0.0,1.0
2011-05-21,5838.585253704991,0.0,1.0
2011-05-22,5838.585253704991,0.0,1.0
2011-05-23,5838.585253704991,0.0,1.0
2011-05-24,5838.585253704991,0.0,1.0
2011-05-25,5838.585253704991,0.0,1.0
2011-05-26,5838.585253704991,0.0,1.0
2011-05-27,5838.585253704991,0.0,1.0
2011-05-28,5838.585253704991,0.0,1.0
2011-05-29,5838.585253704991,0.0,1.0
2011-05-30,5838.585253704991,0.0,1.0
2011-05-31,5838.585253704991,0.0,1.0
2011-06-01,5838.585253704991,0.0,1.0
2011-06-02,5838.585253704991,0.0,1.0
2011-06-03,5838.585253704991,0.0,1.0
2011-06-04,5838.585253704991,0.0,1.0
2011-06-05,5838.585253704991,0.0,1.0
2011-06-06,5838.585253704991,0.0,1.0
2011-06-07,5838.585253704991,0.0,1.0
2011-06-08,5838.585253704991,0.0,1.0
2011-06-09,5838.585253704991,0.0,1.0
2011-06-10,5838.585253704991,0.0,1.0
2011-06-11,5838.585253704991,0.0,1.0
2011-06-12,5838.585253704991,0.0,1.0
2011-06-13,5838.585253704991,0.0,1.0
2011-06-14,5838.585253704991,0.0,1.0
2011-06-15,5838.585253704991,0.0,1.0
2011-06-16,5838.585253704991,0.0,1.0
2011-06-17,5838.585253704991,0.0,1.0
2011-06-18,5838.585253704991,0.0,1.0
2011-06-19,5838.585253704991,0.0,1.0
2011-06-20,5838.585253704991,0.0,1.0
2011-06-21,5838.585253704991,0.0,1.0
2011-06-22,5838.585253704991,0.0,1.0
2011-06-23,5838.585253704991,0.0,1.0
2011-06-24,5838.585253704991,0.0,1.0
2011-06-25,5838.585253704991,0.0,1.0
2011-06-26,5838.585253704991,0.0,1.0
2011-06-27,5838.585253704991,0.0,1.0
2011-06-28,5838.585253704991,0.0,1.0
2011-06-29,5838.585253704991,0.0,1.0
2011-06-30,5838.585253704991,0.0,1.0
2011-07-01,5838.585253704991,0.0,1.0
2011-07-02,5838.585253704991,0.0,1.0
2011-07-03,5838.585253704991,0.0,1.0
2011-07-04,5838.585253704991,0.0,1.0
2011-07-05,5838.585253704991,0.0,1.0
2011-07-06,5838.585253704991,0.0,1.0
2011-07-07,5838.585253704991,0.0,1.0
2011-07-08,5838.585253704991,0.0,1.0
2011-07-09,5838.585253704991,0.0,1.0
2011-07-10,5838.585253704991,0.0,1.0
2011-07-11,5838.585253704991,0.0,1.0
2011-07-12,5838.585253704991,0.0,1.0
2011-07-13,5838.585253704991,0.0,1.0
2011-07-14,5838.585253704991,0.0,1.0
2011-07-15,5838.585253704991,0.0,1.0
2011-07-16,5838.585253704991,0.0,1.0
2011-07-17,5838.585253704991,0.0,1.0
2011-07-18,5838.585253704991,0.0,1.0
2011-07-19,5838.585253704991,0.0,1.0
2011-07-20,5838.585253704991,0.0,1.0
2011-07-21,5838.585253704991,0.0,1.0
2011-07-22,5838.585253704991,0.0,1.0
2011-07-23,5838.585253704991,0.0,1.0
2011-07-24,5838.585253704991,0.0,1.0
2011-07-25,5838.585253704991,0.0,1.0
2011-07-26,5838.585253704991,0.0,1.0
2011-07-27,5838.585253704991,0.0,1.0
2011-07-28,5838.585253704991,0.0,1.0
2011-07-29,5838.585253704991,0.0,1.0
2011-07-30,5838.585253704991,0.0,1.0
2011-07-31,5838.585253704991,0.0,1.0
2011-08-01,5838.585253704991,0.0,1.0
2011-08-02,5838.585253704991,0.0,1.0
2011-08-03,5838.585253704991,0.0,1.0
2011-08-04,5838.585253704991,0.0,1.0
2011-08-05,5838.585253704991,0.0,1.0
2011-08-06,5838.585253704991,0.0,1.0
2011-08-07,5838.585253704991,0.0,1.0
2011-08-08,5838.585253704991,0.0,1.0
2011-08-09,5838.585253704991,0.0,1.0
2011-08-10,5838.585253704991,0.0,1.0
2011-08-11,5838.585253704991,0.0,1.0
2011-08-12,5838.585253704991,0.0,1.0
2011-08-13,5838.585253704991,0.0,1.0
2011-08-14,5838.585253704991,0.0,1.0
2011-08-15,5838.585253704991,0.0,1.0
2011-08-16,5838.585253704991,0.0,1.0
2011-08-17,5838.585253704991,0.0,1.0
2011-08-18,5838.585253704991,0.0,1.0
2011-08-19,5838.585253704991,0.0,1.0
2011-08-20,5838.585253704991,0.0,1.0
2011-08-21,5838.585253704991,0.0,1.0
2011-08-22,5838.585253704991,0.0,1.0
2011-08-23,5838.585253704991,0.0,1.0
2011-08-24,5838.585253704991,0.0,1.0
2011-08-25,5838.585253704991,0.0,1.0
2011-08-26,5838.585253704991,0.0,1.0
2011-08-27,5838.585253704991,0.0,1.0
2011-08-28,5838.585253704991,0.0,1.0
2011-08-29,5838.585253704991,0.0,1.0
2011-08-30,5838.585253704991,0.0,1.0
2011-08-31,5838.585253704991,0.0,1.0
2011-09-01,5838.585253704991,0.0,1.0
2011-09-02,5838.585253704991,0.0,1.0
2011-09-03,5838.585253704991,0.0,1.0
2011-09-04,5838.585253704991,0.0,1.0
2011-09-05,5838.585253704991,0.0,1.0
2011-09-06,5838.585253704991,0.0,1.0
2011-09-07,5838.585253704991,0.0,1.0
2011-09-08,5838.585253704991,0.0,1.0
2011-09-09,5838.585253704991,0.0,1.0
2011-09-10,5838.585253704991,0.0,1.0
2011-09-11,5838.585253704991,0.0,1.0
2011-09-12,5838.585253704991,0.0,1.0
2011-09-13,5838.585253704991,0.0,1.0
2011-09-14,5838.585253704991,0.0,1.0
2011-09-15,5838.585253704991,0.0,1.0
2011-09-16,5838.585253704991,0.0,1.0
2011-09-17,5838.585253704991,0.0,1.0
2011-09-18,5838.585253704991,0.0,1.0
2011-09-19,5838.585253704991,0.0,1.0
2011-09-20,5838.585253704991,0.0,1.0
2011-09-21,5838.585253704991,0.0,1.0
2011-09-22,5838.585253704991,0.0,1.0
2011-09-23,5838.585253704991,0.0,1.0
2011-09-24,5838.585253704991,0.0,1.0
2011-09-25,5838.585253704991,0.0,1.0
2011-09-26,5838.585253704991,0.0,1.0
2011-09-27,5838.585253704991,0.0,1.0
2011-09-28,5838.585253704991,0.0,1.0
2011-09-29,5838.585253704991,0.0,1.0
2011-09-30,5838.585253704991,0.0,1.0
2011-10-01,5838.585253704991,0.0,1.0
2011-10-02,5838.585253704991,0.0,1.0
2011-10-03,5838.585253704991,0.0,1.0
2011-10-04,5838.585253704991,0.0,1.0
2011-10-05,5838.585253704991,0.0,1.0
2011-10-06,5838.585253704991,0.0,1.0
2011-10-07,5838.585253704991,0.0,1.0
2011-10-08,5838.585253704991,0.0,1.0
2011-10-09,5838.585253704991,0.0,1.0
2011-10-10,5838.585253704991,0.0,1.0
2011-10-11,5838.585253704991,0.0,1.0
2011-10-12,5838.585253704991,0.0,1.0
2011-10-13,5838.585253704991,0.0,1.0
2011-10-14,5838.585253704991,0.0,1.0
2011-10-15,5838.585253704991,0.0,1.0
2011-10-16,5838.585253704991,0.0,1.0
2011-10-17,5838.585253704991,0.0,1.0
2011-10-18,5838.585253704991,0.0,1.0
2011-10-19,5838.585253704991,0.0,1.0
2011-10-20,5838.585253704991,0.0,1.0
2011-10-21,5838.585253704991,0.0,1.0
2011-10-22,5838.585253704991,0.0,1.0
2011-10-23,5838.585253704991,0.0,1.0
2011-10-24,5838.585253704991,0.0,1.0
2011-10-25,5838.585253704991,0.0,1.0
2011-10-26,5838.585253704991,0.0,1.0
2011-10-27,5838.585253704991,0.0,1.0
2011-10-28,5838.585253704991,0.0,1.0
2011-10-29,5838.585253704991,0.0,1.0
2011-10-30,5838.585253704991,0.0,1.0
2011-10-31,5838.585253704991,0.0,1.0
2011-11-01,5838.585253704991,0.0,1.0
2011-11-02,5838.585253704991,0.0,1.0
2011-11-03,5838.585253704991,0.0,1.0
2011-11-04,5838.585253704991,0.0,1.0
2011-11-05,5838.585253704991,0.0,1.0
2011-11-06,5838.585253704991,0.0,1.0
2011-11-07,5838.585253704991,0.0,1.0
2011-11-08,5838.585253704991,0.0,1.0
2011-11-09,5838.585253704991,0.0,1.0
2011-11-10,5838.585253704991,0.0,1.0
2011-11-11,5838.585253704991,0.0,1.0
2011-11-12,5838.585253704991,0.0,1.0
2011-11-13,5838.585253704991,0.0,1.0
2011-11-14,5838.585253704991,0.0,1.0
2011-11-15,5838.585253704991,0.0,1.0
2011-11-16,5838.585253704991,0.0,1.0
2011-11-17,5838.585253704991,0.0,1.0
2011-11-18,5838.585253704991,0.0,1.0
2011-11-19,5838.585253704991,0.0,1.0
2011-11-20,5838.585253704991,0.0,1.0
2011-11-21,5838.585253704991,0.0,1.0
2011-11-22,5838.585253704991,0.0,1.0
2011-11-23,5838.585253704991,0.0,1.0
2011-11-24,5838.585253704991,0.0,1.0
2011-11-25,5838.585253704991,0.0,1.0
2011-11-26,5838.585253704991,0.0,1.0
2011-11-27,5838.585253704991,0.0,1.0
2011-11-28,5838.585253704991,0.0,1.0
2011-11-29,5838.585253704991,0.0,1.0
2011-11-30,5838.585253704991,0.0,1.0
2011-12-01,5838.585253704991,0.0,1.0
2011-12-02,5838.585253704991,0.0,1.0
2011-12-03,5838.585253704991,0.0,1.0
2011-12-04,5838.585253704991,0.0,1.0
2011-12-05,5838.585253704991,0.0,1.0
2011-12-06,5838.585253704991,0.0,1.0
2011-12-07,5838.585253704991,0.0,1.0
2011-12-08,5838.585253704991,0.0,1.0
2011-12-09,5838.585253704991,0.0,1.0
2011-12-10,5838.585253704991,0.0,1.0
2011-12-11,5838.585253704991,0.0,1.0
2011-12-12,5838.585253704991,0.0,1.0
2011-12-13,5838.585253704991,0.0,1.0
2011-12-14,5838.585253704991,0.0,1.0
2011-12-15,5838.585253704991,0.0,1.0
2011-12-16,5838.585253704991,0.0,1.0
2011-12-17,5838.585253704991,0.0,1.0
2011-12-18,5838.585253704991,0.0,1.0
2011-12-19,5838.585253704991,0.0,1.0
2011-12-20,5838.585253704991,0.0,1.0
2011-12-21,5838.585253704991,0.0,1.0
2011-12-22,5838.585253704991,0.0,1.0
2011-12-23,5838.585253704991,0.0,1.0
2011-12-24,5838.585253704991,0.0,1.0
2011-12-25,5838.585253704991,0.0,1.0
2011-12-26,5838.585253704991,0.0,1.0
2011-12-27,5838.585253704991,0.0,1.0
2011-12-28,5838.585253704991,0.0,1.0
2011-12-29,5838.585253704991,0.0,1.0
2011-12-30,5838.585253704991,0.0,1.0
2011-12-31,5838.585253704991,0.0,1.0
2012-01-01,5838.585253704991,0.0,1.0
2012-01-02,5838.585253704991,0.0,1.0
2012-01-03,5838.585253704991,0.0,1.0
2012-01-04,5838.585253704991,0.0,1.0
2012-01-05,5838.585253704991,0.0,1.0
2012-01-06,5838.585253704991,0.0,1.0
2012-01-07,5838.585253704991,0.0,1.0
2012-01-08,5838.585253704991,0.0,1.0
2012-01-09,5838.585253704991,0.0,1.0
2012-01-10,5838.585253704991,0.0,1.0
2012-01-11,5838.585253704991,0.0,1.0
2012-01-12,5838.585253704991,0.0,1.0
2012-01-13,5838.585253704991,0.0,1.0
2012-01-14,5838.585253704991,0.0,1.0
2012-01-15,5838.585253704991,0.0,1.0
2012-01-16,5838.585253704991,0.0,1.0
2012-01-17,5838.585253704991,0.0,1.0
2012-01-18,5838.585253704991,0.0,1.0
2012-01-19,5838.585253704991,0.0,1.0
2012-01-20,5838.585253704991,0.0,1.0
2012-01-21,5838.585253704991,0.0,1.0
2012-01-22,5838.585253704991,0.0,1.0
2012-01-23,5838.585253704991,0.0,1.0
2012-01-24,5838.585253704991,0.0,1.0
2012-01-25,5838.585253704991,0.0,1.0
2012-01-26,5838.585253704991,0.0,1.0
2012-01-27,5838.585253704991,0.0,1.0
2012-01-28,5838.585253704991,0.0,1.0
2012-01-29,5838.585253704991,0.0,1.0
2012-01-30,5838.585253704991,0.0,1.0
2012-01-31,5838.585253704991,0.0,1.0
2012-02-01,5838.585253704991,0.0,1.0
2012-02-02,5838.585253704991,0.0,1.0
2012-02-03,5838.585253704991,0.0,1.0
2012-02-04,5838.585253704991,0.0,1.0
2012-02-05,5838.585253704991,0.0,1.0
2012-02-06,5838.585253704991,0.0,1.0
2012-02-07,5838.585253704991,0.0,1.0
2012-02-08,5838.585253704991,0.0,1.0
2012-02-09,5838.585253704991,0.0,1.0
2012-02-10,5838.585253704991,0.0,1.0
2012-02-11,5838.585253704991,0.0,1.0
2012-02-12,5838.585253704991,0.0,1.0
2012-02-13,5838.585253704991,0.0,1.0
2012-02-14,5838.585253704991,0.0,1.0
2012-02-15,5838.585253704991,0.0,1.0
2012-02-16,5838.585253704991,0.0,1.0
2012-02-17,5838.585253704991,0.0,1.0
2012-02-18,5838.585253704991,0.0,1.0
2012-02-19,5838.585253704991,0.0,1.0
2012-02-20,5838.585253704991,0.0,1.0
2012-02-21,5838.585253704991,0.0,1.0
2012-02-22,5838.585253704991,0.0,1.0
2012-02-23,5838.585253704991,0.0,1.0
2012-02-24,5838.585253704991,0.0,1.0
2012-02-25,5838.585253704991,0.0,1.0
2012-02-26,5838.585253704991,0.0,1.0
2012-02-27,5838.585253704991,0.0,1.0
2012-02-28,5838.585253704991,0.0,1.0
2012-02-29,5838.585253704991,0.0,1.0
2012-03-01,5838.585253704991,0.0,1.0
2012-03-02,5838.585253704991,0.0,1.0
2012-03-03,5838.585253704991,0.0,1.0
2012-03-04,5838.585253704991,0.0,1.0
2012-03-05,5838.585253704991,0.0,1.0
2012-03-06,5838.585253704991,0.0,1.0
2012-03-07,5838.585253704991,0.0,1.0
2012-03-08,5838.585253704991,0.0,1.0
2012-03-09,5838.585253704991,0.0,1.0
2012-03-10,5838.585253704991,0.0,1.0
2012-03-11,5838.585253704991,0.0,1.0
2012-03-12,5838.585253704991,0.0,1.0
2012-03-13,5838.585253704991,0.0,1.0
2012-03-14,5838.585253704991,0.0,1.0
2012-03-15,5838.585253704991,0.0,1.0
2012-03-16,5838.585253704991,0.0,1.0
2012-03-17,5838.585253704991,0.0,1.0
2012-03-18,5838.585253704991,0.0,1.0
2012-03-19,5838.585253704991,0.0,1.0
2012-03-20,5838.585253704991,0.0,1.0
2012-03-21,5838.585253704991,0.0,1.0
2012-03-22,5838.585253704991,0.0,1.0
2012-03-23,5838.585253704991,0.0,1.0
2012-03-24,5838.585253704991,0.0,1.0
2012-03-25,5838.585253704991,0.0,1.0
2012-03-26,5838.585253704991,0.0,1.0
2012-03-27,5838.585253704991,0.0,1.0
2012-03-28,5838.585253704991,0.0,1.0
2012-03-29,5838.585253704991,0.0,1.0
2012-03-30,5838.585253704991,0.0,1.0
2012-03-31,5838.585253704991,0.0,1.0
2012-04-01,5838.585253704991,0.0,1.0
2012-04-02,5838.585253704991,0.0,1.0
2012-04-03,5838.585253704991,0.0,1.0
2012-04-04,5838.585253704991,0.0,1.0
2012-04-05,5838.585253704991,0.0,1.0
2012-04-06,5838.585253704991,0.0,1.0
2012-04-07,5838.585253704991,0.0,1.0
2012-04-08,5838.585253704991,0.0,1.0
2012-04-09,5838.585253704991,0.0,1.0
2012-04-10,5838.585253704991,0.0,1.0
2012-04-11,5838.585253704991,0.0,1.0
2012-04-12,5838.585253704991,0.0,1.0
2012-04-13,5838.585253704991,0.0,1.0
2012-04-14,5838.585253704991,0.0,1.0
2012-04-15,5838.585253704991,0.0,1.0
2012-04-16,5838.585253704991,0.0,1.0
2012-04-17,5838.585253704991,0.0,1.0
2012-04-18,5838.585253704991,0.0,1.0
2012-04-19,5838.585253704991,0.0,1.0
2012-04-20,5838.585253704991,0.0,1.0
2012-04-21,5838.585253704991,0.0,1.0
2012-04-22,5838.585253704991,0.0,1.0
2012-04-23,5838.585253704991,0.0,1.0
2012-04-24,5838.585253704991,0.0,1.0
2012-04-25,5838.585253704991,0.0,1.0
2012-04-26,5838.585253704991,0.0,1.0
2012-04-27,5838.585253704991,0.0,1.0
2012-04-28,5838.585253704991,0.0,1.0
2012-04-29,5838.585253704991,0.0,1.0
2012-04-30,5838.585253704991,0.0,1.0
2012-05-01,5838.585253704991,0.0,1.0
2012-05-02,5838.585253704991,0.0,1.0
2012-05-03,5838.585253704991,0.0,1.0
2012-05-04,5838.585253704991,0.0,1.0
2012-05-05,5838.585253704991,0.0,1.0
2012-05-06,5838.585253704991,0.0,1.0
2012-05-07,5838.585253704991,0.0,1.0
2012-05-08,5838.585253704991,0.0,1.0
2012-05-09,5838.585253704991,0.0,1.0
2012-05-10,5838.585253704991,0.0,1.0
2012-05-11,5838.585253704991,0.0,1.0
2012-05-12,5838.585253704991,0.0,1.0
2012-05-13,5838.585253704991,0.0,1.0
2012-05-14,5838.585253704991,0.0,1.0
2012-05-15,5838.585253704991,0.0,1.0
2012-05-16,5838.585253704991,0.0,1.0
2012-05-17,5838.585253704991,0.0,1.0
2012-05-18,5838.585253704991,0.0,1.0
2012-05-19,5838.585253704991,0.0,1.0
2012-05-20,5838.585253704991,0.0,1.0
2012-05-21,5838.585253704991,0.0,1.0
2012-05-22,5838.585253704991,0.0,1.0
2012-05-23,5838.585253704991,0.0,1.0
2012-05-24,5838.585253704991,0.0,1.0
2012-05-25,5838.585253704991,0.0,1.0
2012-05-26,5838.585253704991,0.0,1.0
2012-05-27,5838.585253704991,0.0,1.0
2012-05-28,5838.585253704991,0.0,1.0
2012-05-29,5838.585253704991,0.0,1.0
2012-05-30,5838.585253704991,0.0,1.0
2012-05-31,5838.585253704991,0.0,1.0
2012-06-01,5838.585253704991,0.0,1.0
2012-06-02,5838.585253704991,0.0,1.0
2012-06-03,5838.585253704991,0.0,1.0
2012-06-04,5838.585253704991,0.0,1.0
2012-06-05,5838.585253704991,0.0,1.0
2012-06-06,5838.585253704991,0.0,1.0
2012-06-07,5838.585253704991,0.0,1.0
2012-06-08,5838.585253704991,0.0,1.0
2012-06-09,5838.585253704991,0.0,1.0
2012-06-10,5838.585253704991,0.0,1.0
2012-06-11,5838.585253704991,0.0,1.0
2012-06-12,5838.585253704991,0.0,1.0
2012-06-13,5838.585253704991,0.0,1.0
2012-06-14,5838.585253704991,0.0,1.0
2012-06-15,5838.585253704991,0.0,1.0
2012-06-16,5838.585253704991,0.0,1.0
2012-06-17,5838.585253704991,0.0,1.0
2012-06-18,5838.585253704991,0.0,1.0
2012-06-19,5838.585253704991,0.0,1.0
2012-06-20,5838.585253704991,0.0,1.0
2012-06-21,5838.585253704991,0.0,1.0
2012-06-22,5838.585253704991,0.0,1.0
2012-06-23,5838.585253704991,0.0,1.0
2012-06-24,5838.585253704991,0.0,1.0
2012-06-25,5838.585253704991,0.0,1.0
2012-06-26,5838.585253704991,0.0,1.0
2012-06-27,5838.585253704991,0.0,1.0
2012-06-28,5838.585253704991,0.0,1.0
2012-06-29,5838.585253704991,0.0,1.0
2012-06-30,5838.585253704991,0.0,1.0
2012-07-01,5838.585253704991,0.0,1.0
2012-07-02,5838.585253704991,0.0,1.0
2012-07-03,5838.585253704991,0.0,1.0
2012-07-04,5838.585253704991,0.0,1.0
2012-07-05,5838.585253704991,0.0,1.0
2012-07-06,5838.585253704991,0.0,1.0
2012-07-07,5838.585253704991,0.0,1.0
2012-07-08,5838.585253704991,0.0,1.0
2012-07-09,5838.585253704991,0.0,1.0
2012-07-10,5838.585253704991,0.0,1.0
2012-07-11,5838.585253704991,0.0,1.0
2012-07-12,5838.585253704991,0.0,1.0
2012-07-13,5838.585253704991,0.0,1.0
2012-07-14,5838.585253704991,0.0,1.0
2012-07-15,5838.585253704991,0.0,1.0
2012-07-16,5838.585253704991,0.0,1.0
2012-07-17,5838.585253704991,0.0,1.0
2012-07-18,5838.585253704991,0.0,1.0
2012-07-19,5838.585253704991,0.0,1.0
2012-07-20,5838.585253704991,0.0,1.0
2012-07-21,5838.585253704991,0.0,1.0
2012-07-22,5838.585253704991,0.0,1.0
2012-07-23,5838.585253704991,0.0,1.0
2012-07-24,5838.585253704991,0.0,1.0
2012-07-25,5838.585253704991,0.0,1.0
2012-07-26,5838.585253704991,0.0,1.0
2012-07-27,5838.585253704991,0.0,1.0
2012-07-28,5838.585253704991,0.0,1.0
2012-07-29,5838.585253704991,0.0,1.0
2012-07-30,5838.585253704991,0.0,1.0
2012-07-31,5838.585253704991,0.0,1.0
2012-08-01,5838.585253704991,0.0,1.0
2012-08-02,5838.585253704991,0.0,1.0
2012-08-03,5838.585253704991,0.0,1.0
2012-08-04,5838.585253704991,0.0,1.0
2012-08-05,5838.585253704991,0.0,1.0
2012-08-06,5838.585253704991,0.0,1.0
2012-08-07,5838.585253704991,0.0,1.0
2012-08-08,5838.585253704991,0.0,1.0
2012-08-09,5838.585253704991,0.0,1.0
2012-08-10,5838.585253704991,0.0,1.0
2012-08-11,5838.585253704991,0.0,1.0
2012-08-12,5838.585253704991,0.0,1.0
2012-08-13,5838.585253704991,0.0,1.0
2012-08-14,5838.585253704991,0.0,1.0
2012-08-15,5838.585253704991,0.0,1.0
2012-08-16,5838.585253704991,0.0,1.0
2012-08-17,5838.585253704991,0.0,1.0
2012-08-18,5838.585253704991,0.0,1.0
2012-08-19,5838.585253704991,0.0,1.0
2012-08-20,5838.585253704991,0.0,1.0
2012-08-21,5838.585253704991,0.0,1.0
2012-08-22,5838.585253704991,0.0,1.0
2012-08-23,5838.585253704991,0.0,1.0
2012-08-24,5838.585253704991,0.0,1.0
2012-08-25,5838.585253704991,0.0,1.0
2012-08-26,5838.585253704991,0.0,1.0
2012-08-27,5838.585253704991,0.0,1.0
2012-08-28,5838.585253704991,0.0,1.0
2012-08-29,5838.585253704991,0.0,1.0
2012-08-30,5838.585253704991,0.0,1.0
2012-08-31,5838.585253704991,0.0,1.0
2012-09-01,5838.585253704991,0.0,1.0
2012-09-02,5838.585253704991,0.0,1.0
2012-09-03,5838.585253704991,0.0,1.0
2012-09-04,5838.585253704991,0.0,1.0
2012-09-05,5838.585253704991,0.0,1.0
2012-09-06,5838.585253704991,0.0,1.0
2012-09-07,5838.585253704991,0.0,1.0
2012-09-08,5838.585253704991,0.0,1.0
2012-09-09,5838.585253704991,0.0,1.0
2012-09-10,5838.585253704991,0.0,1.0
2012-09-11,5838.585253704991,0.0,1.0
2012-09-12,5838.585253704991,0.0,1.0
2012-09-13,5838.585253704991,0.0,1.0
2012-09-14,5838.585253704991,0.0,1.0
2012-09-15,5838.585253704991,0.0,1.0
2012-09-16,5838.585253704991,0.0,1.0
2012-09-17,5838.585253704991,0.0,1.0
2012-09-18,5838.585253704991,0.0,1.0
2012-09-19,5838.585253704991,0.0,1.0
2012-09-20,5838.585253704991,0.0,1.0
2012-09-21,5838.585253704991,0.0,1.0
2012-09-22,5838.585253704991,0.0,1.0
2012-09-23,5838.585253704991,0.0,1.0
2012-09-24,5838.585253704991,0.0,1.0
2012-09-25,5838.585253704991,0.0,1.0
2012-09-26,5838.585253704991,0.0,1.0
2012-09-27,5838.585253704991,0.0,1.0
2012-09-28,5838.585253704991,0.0,1.0
2012-09-29,5838.585253704991,0.0,1.0
2012-09-30,5838.585253704991,0.0,1.0
2012-10-01,5838.585253704991,0.0,1.0
2012-10-02,5838.585253704991,0.0,1.0
2012-10-03,5838.585253704991,0.0,1.0
2012-10-04,5838.585253704991,0.0,1.0
2012-10-05,5838.585253704991,0.0,1.0
2012-10-06,5838.585253704991,0.0,1.0
2012-10-07,5838.585253704991,0.0,1.0
2012-10-08,5838.585253704991,0.0,1.0
2012-10-09,5838.585253704991,0.0,1.0
2012-10-10,5838.585253704991,0.0,1.0
2012-10-11,5838.585253704991,0.0,1.0
2012-10-12,5838.585253704991,0.0,1.0
2012-10-13,5838.585253704991,0.0,1.0
2012-10-14,5838.585253704991,0.0,1.0
2012-10-15,5838.585253704991,0.0,1.0
2012-10-16,5838.585253704991,0.0,1.0
2012-10-17,5838.585253704991,0.0,1.0
2012-10-18,5838.585253704991,0.0,1.0
2012-10-19,5838.585253704991,0.0,1.0
2012-10-20,5838.585253704991,0.0,1.0
2012-10-21,5838.585253704991,0.0,1.0
2012-10-22,5838.585253704991,0.0,1.0
2012-10-23,5838.585253704991,0.0,1.0
2012-10-24,5838.585253704991,0.0,1.0
2012-10-25,5838.585253704991,0.0,1.0
2012-10-26,5838.585253704991,0.0,1.0
2012-10-27,5838.585253704991,0.0,1.0
2012-10-28,5838.585253704991,0.0,1.0
2012-10-29,5838.585253704991,0.0,1.0
2012-10-30,5838.585253704991,0.0,1.0
2012-10-31,5838.585253704991,0.0,1.0
2012-11-01,5838.585253704991,0.0,1.0
2012-11-02,5838.585253704991,0.0,1.0
2012-11-03,5838.585253704991,0.0,1.0
2012-11-04,5838.585253704991,0.0,1.0
2012-11-05,5838.585253704991,0.0,1.0
2012-11-06,5838.585253704991,0.0,1.0
2012-11-07,5838.585253704991,0.0,1.0
2012-11-08,5838.585253704991,0.0,1.0
2012-11-09,5838.585253704991,0.0,1.0
2012-11-10,5838.585253704991,0.0,1.0
2012-11-11,5838.585253704991,0.0,1.0
2012-11-12,5838.585253704991,0.0,1.0
2012-11-13,5838.585253704991,0.0,1.0
2012-11-14,5838.585253704991,0.0,1.0
2012-11-15,5838.585253704991,0.0,1.0
2012-11-16,5838.585253704991,0.0,1.0
2012-11-17,5838.585253704991,0.0,1.0
2012-11-18,5838.585253704991,0.0,1.0
2012-11-19,5838.585253704991,0.0,1.0
2012-11-20,5838.585253704991,0.0,1.0
2012-11-21,5838.585253704991,0.0,1.0
2012-11-22,5838.585253704991,0.0,1.0
2012-11-23,5838.585253704991,0.0,1.0
2012-11-24,5838.585253704991,0.0,1.0
2012-11-25,5838.585253704991,0.0,1.0
2012-11-26,5838.585253704991,0.0,1.0
2012-11-27,5838.585253704991,0.0,1.0
2012-11-28,5838.585253704991,0.0,1.0
2012-11-29,5838.585253704991,0.0,1.0
2012-11-30,5838.585253704991,0.0,1.0
2012-12-01,5838.585253704991,0.0,1.0
2012-12-02,5838.585253704991,0.0,1.0
2012-12-03,5838.585253704991,0.0,1.0
2012-12-04,5838.585253704991,0.0,1.0
2012-12-05,5838.585253704991,0.0,1.0
2012-12-06,5838.585253704991,0.0,1.0
2012-12-07,5838.585253704991,0.0,1.0
2012-12-08,5838.585253704991,0.0,1.0
2012-12-09,5838.585253704991,0.0,1.0
2012-12-10,5838.585253704991,0.0,1.0
2012-12-11,5838.585253704991,0.0,1.0
2012-12-12,5838.585253704991,0.0,1.0
2012-12-13,5838.585253704991,0.0,1.0
2012-12-14,5838.585253704991,0.0,1.0
2012-12-15,5838.585253704991,0.0,1.0
2012-12-16,5838.585253704991,0.0,1.0
2012-12-17,5838.585253704991,0.0,1.0
2012-12-18,5838.585253704991,0.0,1.0
2012-12-19,5838.585253704991,0.0,1.0
2012-12-20,5838.585253704991,0.0,1.0
2012-12-21,5838.585253704991,0.0,1.0
2012-12-22,5838.585253704991,0.0,1.0
2012-12-23,5838.585253704991,0.0,1.0
2012-12-24,5838.585253704991,0.0,1.0
2012-12-25,5838.585253704991,0.0,1.0
2012-12-26,5838.585253704991,0.0,1.0
2012-12-27,5838.585253704991,0.0,1.0
2012-12-28,5838.585253704991,0.0,1.0
2012-12-29,5838.585253704991,0.0,1.0
2012-12-30,5838.585253704991,0.0,1.0
2012-12-31,5838.585253704991,0.0,1.0
2013-01-01,5838.585253704991,0.0,1.0
2013-01-02,5838.585253704991,0.0,1.0
2013-01-03,5838.585253704991,0.0,1.0
2013-01-04,5838.585253704991,0.0,1.0
2013-01-05,5838.585253704991,0.0,1.0
2013-01-06,5838.585253704991,0.0,1.0
2013-01-07,5838.585253704991,0.0,1.0
2013-01-08,5838.585253704991,0.0,1.0
2013-01-09,5838.585253704991,0.0,1.0
2013-01-10,5838.585253704991,0.0,1.0
2013-01-11,5838.585253704991,0.0,1.0
2013-01-12,5838.585253704991,0.0,1.0
2013-01-13,5838.585253704991,0.0,1.0
2013-01-14,5838.585253704991,0.0,1.0
2013-01-15,5838.585253704991,0.0,1.0
2013-01-16,5838.585253704991,0.0,1.0
2013-01-17,5838.585253704991,0.0,1.0
2013-01-18,5838.585253704991,0.0,1.0
2013-01-19,5838.585253704991,0.0,1.0
2013-01-20,5838.585253704991,0.0,1.0
2013-01-21,5838.585253704991,0.0,1.0
2013-01-22,5838.585253704991,0.0,1.0
2013-01-23,5838.585253704991,0.0,1.0
2013-01-24,5838.585253704991,0.0,1.0
2013-01-25,5838.585253704991,0.0,1.0
2013-01-26,5838.585253704991,0.0,1.0
2013-01-27,5838.585253704991,0.0,1.0
2013-01-28,5838.585253704991,0.0,1.0
2013-01-29,5838.585253704991,0.0,1.0
2013-01-30,5838.585253704991,0.0,1.0
2013-01-31,5838.585253704991,0.0,1.0
2013-02-01,5838.585253704991,0.0,1.0
2013-02-02,5838.585253704991,0.0,1.0
2013-02-03,5838.585253704991,0.0,1.0
2013-02-04,5838.585253704991,0.0,1.0
2013-02-05,5838.585253704991,0.0,1.0
2013-02-06,5838.585253704991,0.0,1.0
2013-02-07,5838.585253704991,0.0,1.0
2013-02-08,5838.585253704991,0.0,1.0
2013-02-09,5838.585253704991,0.0,1.0
2013-02-10,5838.585253704991,0.0,1.0
2013-02-11,5838.585253704991,0.0,1.0
2013-02-12,5838.585253704991,0.0,1.0
2013-02-13,5838.585253704991,0.0,1.0
2013-02-14,5838.585253704991,0.0,1.0
2013-02-15,5838.585253704991,0.0,1.0
2013-02-16,5838.585253704991,0.0,1.0
2013-02-17,5838.585253704991,0.0,1.0
2013-02-18,5838.585253704991,0.0,1.0
2013-02-19,5838.585253704991,0.0,1.0
2013-02-20,5838.585253704991,0.0,1.0
2013-02-21,5838.585253704991,0.0,1.0
2013-02-22,5838.585253704991,0.0,1.0
2013-02-23,5838.585253704991,0.0,1.0
2013-02-24,5838.585253704991,0.0,1.0
2013-02-25,5838.585253704991,0.0,1.0
2013-02-26,5838.585253704991,0.0,1.0
2013-02-27,5838.585253704991,0.0,1.0
2013-02-28,5838.585253704991,0.0,1.0
2013-03-01,5838.585253704991,0.0,1.0
2013-03-02,5838.585253704991,0.0,1.0
2013-03-03,5838.585253704991,0.0,1.0
2013-03-04,5838.585253704991,0.0,1.0
2013-03-05,5838.585253704991,0.0,1.0
2013-03-06,5838.585253704991,0.0,1.0
2013-03-07,5838.585253704991,0.0,1.0
2013-03-08,5838.585253704991,0.0,1.0
2013-03-09,5838.585253704991,0.0,1.0
2013-03-10,5838.585253704991,0.0,1.0
2013-03-11,5838.585253704991,0.0,1.0
2013-03-12,5838.585253704991,0.0,1.0
2013-03-13,5838.585253704991,0.0,1.0
2013-03-14,5838.585253704991,0.0,1.0
2013-03-15,5838.585253704991,0.0,1.0
2013-03-16,5838.585253704991,0.0,1.0
2013-03-17,5838.585253704991,0.0,1.0
2013-03-18,5838.585253704991,0.0,1.0
2013-03-19,5838.585253704991,0.0,1.0
2013-03-20,5838.585253704991,0.0,1.0
2013-03-21,5838.585253704991,0.0,1.0
2013-03-22,5838.585253704991,0.0,1.0
2013-03-23,5838.585253704991,0.0,1.0
2013-03-24,5838.585253704991,0.0,1.0
2013-03-25,5838.585253704991,0.0,1.0
2013-03-26,5838.585253704991,0.0,1.0
2013-03-27,5838.585253704991,0.0,1.0
2013-03-28,5838.585253704991,0.0,1.0
2013-03-29,5838.585253704991,0.0,1.0
2013-03-30,5838.585253704991,0.0,1.0
2013-03-31,5838.585253704991,0.0,1.0
2013-04-01,5838.585253704991,0.0,1.0
2013-04-02,5838.585253704991,0.0,1.0
2013-04-03,5838.585253704991,0.0,1.0
2013-04-04,5838.585253704991,0.0,1.0
2013-04-05,5838.585253704991,0.0,1.0
2013-04-06,5838.585253704991,0.0,1.0
2013-04-07,5838.585253704991,0.0,1.0
2013-04-08,5838.585253704991,0.0,1.0
2013-04-09,5838.585253704991,0.0,1.0
2013-04-10,5838.585253704991,0.0,1.0
2013-04-11,5838.585253704991,0.0,1.0
2013-04-12,5838.585253704991,0.0,1.0
2013-04-13,5838.585253704991,0.0,1.0
2013-04-14,5838.585253704991,0.0,1.0
2013-04-15,5838.585253704991,0.0,1.0
2013-04-16,5838.585253704991,0.0,1.0
2013-04-17,5838.585253704991,0.0,1.0
2013-04-18,5838.585253704991,0.0,1.0
2013-04-19,5838.585253704991,0.0,1.0
2013-04-20,5838.585253704991,0.0,1.0
2013-04-21,5838.585253704991,0.0,1.0
2013-04-22,5838.585253704991,0.0,1.0
2013-04-23,5838.585253704991,0.0,1.0
2013-04-24,5838.585253704991,0.0,1.0
2013-04-25,5838.585253704991,0.0,1.0
2013-04-26,5838.585253704991,0.0,1.0
2013-04-27,5838.585253704991,0.0,1.0
2013-04-28,5838.585253704991,0.0,1.0
2013-04-29,5838.585253704991,0.0,1.0
2013-04-30,5838.585253704991,0.0,1.0
2013-05-01,5838.585253704991,0.0,1.0
2013-05-02,5838.585253704991,0.0,1.0
2013-05-03,5838.585253704991,0.0,1.0
2013-05-04,5838.585253704991,0.0,1.0
2013-05-05,5838.585253704991,0.0,1.0
2013-05-06,5838.585253704991,0.0,1.0
2013-05-07,5838.585253704991,0.0,1.0
2013-05-08,5838.585253704991,0.0,1.0
2013-05-09,5838.585253704991,0.0,1.0
2013-05-10,5838.585253704991,0.0,1.0
2013-05-11,5838.585253704991,0.0,1.0
2013-05-12,5838.585253704991,0.0,1.0
2013-05-13,5838.585253704991,0.0,1.0
2013-05-14,5838.585253704991,0.0,1.0
2013-05-15,5838.585253704991,0.0,1.0
2013-05-16,5838.585253704991,0.0,1.0
2013-05-17,5838.585253704991,0.0,1.0
2013-05-18,5838.585253704991,0.0,1.0
2013-05-19,5838.585253704991,0.0,1.0
2013-05-20,5838.585253704991,0.0,1.0
2013-05-21,5838.585253704991,0.0,1.0
2013-05-22,5838.585253704991,0.0,1.0
2013-05-23,5838.585253704991,0.0,1.0
2013-05-24,5838.585253704991,0.0,1.0
2013-05-25,5838.585253704991,0.0,1.0
2013-05-26,5838.585253704991,0.0,1.0
2013-05-27,5838.585253704991,0.0,1.0
2013-05-28,5838.585253704991,0.0,1.0
2013-05-29,5838.585253704991,0.0,1.0
2013-05-30,5838.585253704991,0.0,1.0
2013-05-31,5838.585253704991,0.0,1.0
2013-06-01,5838.585253704991,0.0,1.0
2013-06-02,5838.585253704991,0.0,1.0
2013-06-03,5838.585253704991,0.0,1.0
2013-06-04,5838.585253704991,0.0,1.0
2013-06-05,5838.585253704991,0.0,1.0
2013-06-06,5838.585253704991,0.0,1.0
2013-06-07,5838.585253704991,0.0,1.0
2013-06-08,5838.585253704991,0.0,1.0
2013-06-09,5838.585253704991,0.0,1.0
2013-06-10,5838.585253704991,0.0,1.0
2013-06-11,5838.585253704991,0.0,1.0
2013-06-12,5838.585253704991,0.0,1.0
2013-06-13,5838.585253704991,0.0,1.0
2013-06-14,5838.585253704991,0.0,1.0
2013-06-15,5838.585253704991,0.0,1.0
2013-06-16,5838.585253704991,0.0,1.0
2013-06-17,5838.585253704991,0.0,1.0
2013-06-18,5838.585253704991,0.0,1.0
2013-06-19,5838.585253704991,0.0,1.0
2013-06-20,5838.585253704991,0.0,1.0
2013-06-21,5838.585253704991,0.0,1.0
2013-06-22,5838.585253704991,0.0,1.0
2013-06-23,5838.585253704991,0.0,1.0
2013-06-24,5838.585253704991,0.0,1.0
2013-06-25,5838.585253704991,0.0,1.0
2013-06-26,5838.585253704991,0.0,1.0
2013-06-27,5838.585253704991,0.0,1.0
2013-06-28,5838.585253704991,0.0,1.0
2013-06-29,5838.585253704991,0.0,1.0
2013-06-30,5838.585253704991,0.0,1.0
2013-07-01,5838.585253704991,0.0,1.0
2013-07-02,5838.585253704991,0.0,1.0
2013-07-03,5838.585253704991,0.0,1.0
2013-07-04,5838.585253704991,0.0,1.0
2013-07-05,5838.585253704991,0.0,1.0
2013-07-06,5838.585253704991,0.0,1.0
2013-07-07,5838.585253704991,0.0,1.0
2013-07-08,5838.585253704991,0.0,1.0
2013-07-09,5838.585253704991,0.0,1.0
2013-07-10,5838.585253704991,0.0,1.0
2013-07-11,5838.585253704991,0.0,1.0
2013-07-12,5838.585253704991,0.0,1.0
2013-07-13,5838.585253704991,0.0,1.0
2013-07-14,5838.585253704991,0.0,1.0
2013-07-15,5838.585253704991,0.0,1.0
2013-07-16,5838.585253704991,0.0,1.0
2013-07-17,5838.585253704991,0.0,1.0
2013-07-18,5838.585253704991,0.0,1.0
2013-07-19,5838.585253704991,0.0,1.0
2013-07-20,5838.585253704991,0.0,1.0
2013-07-21,5838.585253704991,0.0,1.0
2013-07-22,5838.585253704991,0.0,1.0
2013-07-23,5838.585253704991,0.0,1.0
2013-07-24,5838.585253704991,0.0,1.0
2013-07-25,5838.585253704991,0.0,1.0
2013-07-26,5838.585253704991,0.0,1.0
2013-07-27,5838.585253704991,0.0,1.0
2013-07-28,5838.585253704991,0.0,1.0
2013-07-29,5838.585253704991,0.0,1.0
2013-07-30,5838.585253704991,0.0,1.0
2013-07-31,5838.585253704991,0.0,1.0
2013-08-01,5838.585253704991,0.0,1.0
2013-08-02,5838.585253704991,0.0,1.0
2013-08-03,5838.585253704991,0.0,1.0
2013-08-04,5838.585253704991,0.0,1.0
2013-08-05,5838.585253704991,0.0,1.0
2013-08-06,5838.585253704991,0.0,1.0
2013-08-07,5838.585253704991,0.0,1.0
2013-08-08,5838.585253704991,0.0,1.0
2013-08-09,5838.585253704991,0.0,1.0
2013-08-10,5838.585253704991,0.0,1.0
2013-08-11,5838.585253704991,0.0,1.0
2013-08-12,5838.585253704991,0.0,1.0
2013-08-13,5838.585253704991,0.0,1.0
2013-08-14,5838.585253704991,0.0,1.0
2013-08-15,5838.585253704991,0.0,1.0
2013-08-16,5838.585253704991,0.0,1.0
2013-08-17,5838.585253704991,0.0,1.0
2013-08-18,5838.585253704991,0.0,1.0
2013-08-19,5838.585253704991,0.0,1.0
2013-08-20,5838.585253704991,0.0,1.0
2013-08-21,5838.585253704991,0.0,1.0
2013-08-22,5838.585253704991,0.0,1.0
2013-08-23,5838.585253704991,0.0,1.0
2013-08-24,5838.585253704991,0.0,1.0
2013-08-25,5838.585253704991,0.0,1.0
2013-08-26,5838.585253704991,0.0,1.0
2013-08-27,5838.585253704991,0.0,1.0
2013-08-28,5838.585253704991,0.0,1.0
2013-08-29,5838.585253704991,0.0,1.0
2013-08-30,5838.585253704991,0.0,1.0
2013-08-31,5838.585253704991,0.0,1.0
2013-09-01,5838.585253704991,0.0,1.0
2013-09-02,5838.585253704991,0.0,1.0
2013-09-03,5838.585253704991,0.0,1.0
2013-09-04,5838.585253704991,0.0,1.0
2013-09-05,5838.585253704991,0.0,1.0
2013-09-06,5838.585253704991,0.0,1.0
2013-09-07,5838.585253704991,0.0,1.0
2013-09-08,5838.585253704991,0.0,1.0
2013-09-09,5838.585253704991,0.0,1.0
2013-09-10,5838.585253704991,0.0,1.0
2013-09-11,5838.585253704991,0.0,1.0
2013-09-12,5838.585253704991,0.0,1.0
2013-09-13,5838.585253704991,0.0,1.0
2013-09-14,5838.585253704991,0.0,1.0
2013-09-15,5838.585253704991,0.0,1.0
2013-09-16,5838.585253704991,0.0,1.0
2013-09-17,5838.585253704991,0.0,1.0
2013-09-18,5838.585253704991,0.0,1.0
2013-09-19,5838.585253704991,0.0,1.0
2013-09-20,5838.585253704991,0.0,1.0
2013-09-21,5838.585253704991,0.0,1.0
2013-09-22,5838.585253704991,0.0,1.0
2013-09-23,5838.585253704991,0.0,1.0
2013-09-24,5838.585253704991,0.0,1.0
2013-09-25,5838.585253704991,0.0,1.0
2013-09-26,5838.585253704991,0.0,1.0
2013-09-27,5838.585253704991,0.0,1.0
2013-09-28,5838.585253704991,0.0,1.0
2013-09-29,5838.585253704991,0.0,1.0
2013-09-30,5838.585253704991,0.0,1.0
2013-10-01,5838.585253704991,0.0,1.0
2013-10-02,5838.585253704991,0.0,1.0
2013-10-03,5838.585253704991,0.0,1.0
2013-10-04,5838.585253704991,0.0,1.0
2013-10-05,5838.585253704991,0.0,1.0
2013-10-06,5838.585253704991,0.0,1.0
2013-10-07,5838.585253704991,0.0,1.0
2013-10-08,5838.585253704991,0.0,1.0
2013-10-09,5838.585253704991,0.0,1.0
2013-10-10,5838.585253704991,0.0,1.0
2013-10-11,5838.585253704991,0.0,1.0
2013-10-12,5838.585253704991,0.0,1.0
2013-10-13,5838.585253704991,0.0,1.0
2013-10-14,5838.585253704991,0.0,1.0
2013-10-15,5838.585253704991,0.0,1.0
2013-10-16,5838.585253704991,0.0,1.0
2013-10-17,5838.585253704991,0.0,1.0
2013-10-18,5838.585253704991,0.0,1.0
2013-10-19,5838.585253704991,0.0,1.0
2013-10-20,5838.585253704991,0.0,1.0
2013-10-21,5838.585253704991,0.0,1.0
2013-10-22,5838.585253704991,0.0,1.0
2013-10-23,5838.585253704991,0.0,1.0
2013-10-24,5838.585253704991,0.0,1.0
2013-10-25,5838.585253704991,0.0,1.0
2013-10-26,5838.585253704991,0.0,1.0
2013-10-27,5838.585253704991,0.0,1.0
2013-10-28,5838.585253704991,0.0,1.0
2013-10-29,5838.585253704991,0.0,1.0
2013-10-30,5838.585253704991,0.0,1.0
2013-10-31,5838.585253704991,0.0,1.0
2013-11-01,5838.585253704991,0.0,1.0
2013-11-02,5838.585253704991,0.0,1.0
2013-11-03,5838.585253704991,0.0,1.0
2013-11-04,5838.585253704991,0.0,1.0
2013-11-05,5838.585253704991,0.0,1.0
2013-11-06,5838.585253704991,0.0,1.0
2013-11-07,5838.585253704991,0.0,1.0
2013-11-08,5838.585253704991,0.0,1.0
2013-11-09,5838.585253704991,0.0,1.0
2013-11-10,5838.585253704991,0.0,1.0
2013-11-11,5838.585253704991,0.0,1.0
2013-11-12,5838.585253704991,0.0,1.0
2013-11-13,5838.585253704991,0.0,1.0
2013-11-14,5838.585253704991,0.0,1.0
2013-11-15,5838.585253704991,0.0,1.0
2013-11-16,5838.585253704991,0.0,1.0
2013-11-17,5838.585253704991,0.0,1.0
2013-11-18,5838.585253704991,0.0,1.0
2013-11-19,5838.585253704991,0.0,1.0
2013-11-20,5838.585253704991,0.0,1.0
2013-11-21,5838.585253704991,0.0,1.0
2013-11-22,5838.585253704991,0.0,1.0
2013-11-23,5838.585253704991,0.0,1.0
2013-11-24,5838.585253704991,0.0,1.0
2013-11-25,5838.585253704991,0.0,1.0
2013-11-26,5838.585253704991,0.0,1.0
2013-11-27,5838.585253704991,0.0,1.0
2013-11-28,5838.585253704991,0.0,1.0
2013-11-29,5838.585253704991,0.0,1.0
2013-11-30,5838.585253704991,0.0,1.0
2013-12-01,5838.585253704991,0.0,1.0
2013-12-02,5838.585253704991,0.0,1.0
2013-12-03,5838.585253704991,0.0,1.0
2013-12-04,5838.585253704991,0.0,1.0
2013-12-05,5838.585253704991,0.0,1.0
2013-12-06,5838.585253704991,0.0,1.0
2013-12-07,5838.585253704991,0.0,1.0
2013-12-08,5838.585253704991,0.0,1.0
2013-12-09,5838.585253704991,0.0,1.0
2013-12-10,5838.585253704991,0.0,1.0
2013-12-11,5838.585253704991,0.0,1.0
2013-12-12,5838.585253704991,0.0,1.0
2013-12-13,5838.585253704991,0.0,1.0
2013-12-14,5838.585253704991,0.0,1.0
2013-12-15,5838.585253704991,0.0,1.0
2013-12-16,5838.585253704991,0.0,1.0
2013-12-17,5838.585253704991,0.0,1.0
2013-12-18,5838.585253704991,0.0,1.0
2013-12-19,5838.585253704991,0.0,1.0
2013-12-20,5838.585253704991,0.0,1.0
2013-12-21,5838.585253704991,0.0,1.0
2013-12-22,5838.585253704991,0.0,1.0
2013-12-23,5838.585253704991,0.0,1.0
2013-12-24,5838.585253704991,0.0,1.0
2013-12-25,5838.585253704991,0.0,1.0
2013-12-26,5838.585253704991,0.0,1.0
2013-12-27,5838.585253704991,0.0,1.0
2013-12-28,5838.585253704991,0.0,1.0
2013-12-29,5838.585253704991,0.0,1.0
2013-12-30,5838.585253704991,0.0,1.0
2013-12-31,5838.585253704991,0.0,1.0
2014-01-01,5838.585253704991,0.0,1.0
2014-01-02,5838.585253704991,0.0,1.0
2014-01-03,5838.585253704991,0.0,1.0
2014-01-04,5838.585253704991,0.0,1.0
2014-01-05,5838.585253704991,0.0,1.0
2014-01-06,5838.585253704991,0.0,1.0
2014-01-07,5838.585253704991,0.0,1.0
2014-01-08,5838.585253704991,0.0,1.0
2014-01-09,5838.585253704991,0.0,1.0
2014-01-10,5838.585253704991,0.0,1.0
2014-01-11,5838.585253704991,0.0,1.0
2014-01-12,5838.585253704991,0.0,1.0
2014-01-13,5838.585253704991,0.0,1.0
2014-01-14,5838.585253704991,0.0,1.0
2014-01-15,5838.585253704991,0.0,1.0
2014-01-16,5838.585253704991,0.0,1.0
2014-01-17,5838.585253704991,0.0,1.0
2014-01-18,5838.585253704991,0.0,1.0
2014-01-19,5838.585253704991,0.0,1.0
2014-01-20,5838.585253704991,0.0,1.0
2014-01-21,5838.585253704991,0.0,1.0
2014-01-22,5838.585253704991,0.0,1.0
2014-01-23,5838.585253704991,0.0,1.0
2014-01-24,5838.585253704991,0.0,1.0
2014-01-25,5838.585253704991,0.0,1.0
2014-01-26,5838.585253704991,0.0,1.0
2014-01-27,5838.585253704991,0.0,1.0
2014-01-28,5838.585253704991,0.0,1.0
2014-01-29,5838.585253704991,0.0,1.0
2014-01-30,5838.585253704991,0.0,1.0
2014-01-31,5838.585253704991,0.0,1.0
2014-02-01,5838.585253704991,0.0,1.0
2014-02-02,5838.585253704991,0.0,1.0
2014-02-03,5838.585253704991,0.0,1.0
2014-02-04,5838.585253704991,0.0,1.0
2014-02-05,5838.585253704991,0.0,1.0
2014-02-06,5838.585253704991,0.0,1.0
2014-02-07,5838.585253704991,0.0,1.0
2014-02-08,5838.585253704991,0.0,1.0
2014-02-09,5838.585253704991,0.0,1.0
2014-02-10,5838.585253704991,0.0,1.0
2014-02-11,5838.585253704991,0.0,1.0
2014-02-12,5838.585253704991,0.0,1.0
2014-02-13,5838.585253704991,0.0,1.0
2014-02-14,5838.585253704991,0.0,1.0
2014-02-15,5838.585253704991,0.0,1.0
2014-02-16,5838.585253704991,0.0,1.0
2014-02-17,5838.585253704991,0.0,1.0
2014-02-18,5838.585253704991,0.0,1.0
2014-02-19,5838.585253704991,0.0,1.0
2014-02-20,5838.585253704991,0.0,1.0
2014-02-21,5838.585253704991,0.0,1.0
2014-02-22,5838.585253704991,0.0,1.0
2014-02-23,5838.585253704991,0.0,1.0
2014-02-24,5838.585253704991,0.0,1.0
2014-02-25,5838.585253704991,0.0,1.0
2014-02-26,5838.585253704991,0.0,1.0
2014-02-27,5838.585253704991,0.0,1.0
2014-02-28,5838.585253704991,0.0,1.0
2014-03-01,5838.585253704991,0.0,1.0
2014-03-02,5838.585253704991,0.0,1.0
2014-03-03,5838.585253704991,0.0,1.0
2014-03-04,5838.585253704991,0.0,1.0
2014-03-05,5838.585253704991,0.0,1.0
2014-03-06,5838.585253704991,0.0,1.0
2014-03-07,5838.585253704991,0.0,1.0
2014-03-08,5838.585253704991,0.0,1.0
2014-03-09,5838.585253704991,0.0,1.0
2014-03-10,5838.585253704991,0.0,1.0
2014-03-11,5838.585253704991,0.0,1.0
2014-03-12,5838.585253704991,0.0,1.0
2014-03-13,5838.585253704991,0.0,1.0
2014-03-14,5838.585253704991,0.0,1.0
2014-03-15,5838.585253704991,0.0,1.0
2014-03-16,5838.585253704991,0.0,1.0
2014-03-17,5838.585253704991,0.0,1.0
2014-03-18,5838.585253704991,0.0,1.0
2014-03-19,5838.585253704991,0.0,1.0
2014-03-20,5838.585253704991,0.0,1.0
2014-03-21,5838.585253704991,0.0,1.0
2014-03-22,5838.585253704991,0.0,1.0
2014-03-23,5838.585253704991,0.0,1.0
2014-03-24,5838.585253704991,0.0,1.0
2014-03-25,5838.585253704991,0.0,1.0
2014-03-26,5838.585253704991,0.0,1.0
2014-03-27,5838.585253704991,0.0,1.0
2014-03-28,5838.585253704991,0.0,1.0
2014-03-29,5838.585253704991,0.0,1.0
2014-03-30,5838.585253704991,0.0,1.0
2014-03-31,5838.585253704991,0.0,1.0
2014-04-01,5838.585253704991,0.0,1.0
2014-04-02,5838.585253704991,0.0,1.0
2014-04-03,5838.585253704991,0.0,1.0
2014-04-04,5838.585253704991,0.0,1.0
2014-04-05,5838.585253704991,0.0,1.0
2014-04-06,5838.585253704991,0.0,1.0
2014-04-07,5838.585253704991,0.0,1.0
2014-04-08,5838.585253704991,0.0,1.0
2014-04-09,5838.585253704991,0.0,1.0
2014-04-10,5838.585253704991,0.0,1.0
2014-04-11,5838.585253704991,0.0,1.0
2014-04-12,5838.585253704991,0.0,1.0
2014-04-13,5838.585253704991,0.0,1.0
2014-04-14,5838.585253704991,0.0,1.0
2014-04-15,5838.585253704991,0.0,1.0
2014-04-16,5838.585253704991,0.0,1.0
2014-04-17,5838.585253704991,0.0,1.0
2014-04-18,5838.585253704991,0.0,1.0
2014-04-19,5838.585253704991,0.0,1.0
2014-04-20,5838.585253704991,0.0,1.0
2014-04-21,5838.585253704991,0.0,1.0
2014-04-22,5838.585253704991,0.0,1.0
2014-04-23,5838.585253704991,0.0,1.0
2014-04-24,5838.585253704991,0.0,1.0
2014-04-25,5838.585253704991,0.0,1.0
2014-04-26,5838.585253704991,0.0,1.0
2014-04-27,5838.585253704991,0.0,1.0
2014-04-28,5838.585253704991,0.0,1.0
2014-04-29,5838.585253704991,0.0,1.0
2014-04-30,5838.585253704991,0.0,1.0
2014-05-01,5838.585253704991,0.0,1.0
2014-05-02,5838.585253704991,0.0,1.0
2014-05-03,5838.585253704991,0.0,1.0
2014-05-04,5838.585253704991,0.0,1.0
2014-05-05,5838.585253704991,0.0,1.0
2014-05-06,5838.585253704991,0.0,1.0
2014-05-07,5838.585253704991,0.0,1.0
2014-05-08,5838.585253704991,0.0,1.0
2014-05-09,5838.585253704991,0.0,1.0
2014-05-10,5838.585253704991,0.0,1.0
2014-05-11,5838.585253704991,0.0,1.0
2014-05-12,5838.585253704991,0.0,1.0
2014-05-13,5838.585253704991,0.0,1.0
2014-05-14,5838.585253704991,0.0,1.0
2014-05-15,5838.585253704991,0.0,1.0
2014-05-16,5838.585253704991,0.0,1.0
2014-05-17,5838.585253704991,0.0,1.0
2014-05-18,5838.585253704991,0.0,1.0
2014-05-19,5838.585253704991,0.0,1.0
2014-05-20,5838.585253704991,0.0,1.0
2014-05-21,5838.585253704991,0.0,1.0
2014-05-22,5838.585253704991,0.0,1.0
2014-05-23,5838.585253704991,0.0,1.0
2014-05-24,5838.585253704991,0.0,1.0
2014-05-25,5838.585253704991,0.0,1.0
2014-05-26,5838.585253704991,0.0,1.0
2014-05-27,5838.585253704991,0.0,1.0
2014-05-28,5838.585253704991,0.0,1.0
2014-05-29,5838.585253704991,0.0,1.0
2014-05-30,5838.585253704991,0.0,1.0
2014-05-31,5838.585253704991,0.0,1.0
2014-06-01,5838.585253704991,0.0,1.0
2014-06-02,5838.585253704991,0.0,1.0
2014-06-03,5838.585253704991,0.0,1.0
2014-06-04,5838.585253704991,0.0,1.0
2014-06-05,5838.585253704991,0.0,1.0
2014-06-06,5838.585253704991,0.0,1.0
2014-06-07,5838.585253704991,0.0,1.0
2014-06-08,5838.585253704991,0.0,1.0
2014-06-09,5838.585253704991,0.0,1.0
2014-06-10,5838.585253704991,0.0,1.0
2014-06-11,5838.585253704991,0.0,1.0
2014-06-12,5838.585253704991,0.0,1.0
2014-06-13,5838.585253704991,0.0,1.0
2014-06-14,5838.585253704991,0.0,1.0
2014-06-15,5838.585253704991,0.0,1.0
2014-06-16,5838.585253704991,0.0,1.0
2014-06-17,5838.585253704991,0.0,1.0
2014-06-18,5838.585253704991,0.0,1.0
2014-06-19,5838.585253704991,0.0,1.0
2014-06-20,5838.585253704991,0.0,1.0
2014-06-21,5838.585253704991,0.0,1.0
2014-06-22,5838.585253704991,0.0,1.0
2014-06-23,5838.585253704991,0.0,1.0
2014-06-24,5838.585253704991,0.0,1.0
2014-06-25,5838.585253704991,0.0,1.0
2014-06-26,5838.585253704991,0.0,1.0
2014-06-27,5838.585253704991,0.0,1.0
2014-06-28,5838.585253704991,0.0,1.0
2014-06-29,5838.585253704991,0.0,1.0
2014-06-30,5838.585253704991,0.0,1.0
2014-07-01,5838.585253704991,0.0,1.0
2014-07-02,5838.585253704991,0.0,1.0
2014-07-03,5838.585253704991,0.0,1.0
2014-07-04,5838.585253704991,0.0,1.0
2014-07-05,5838.585253704991,0.0,1.0
2014-07-06,5838.585253704991,0.0,1.0
2014-07-07,5838.585253704991,0.0,1.0
2014-07-08,5838.585253704991,0.0,1.0
2014-07-09,5838.585253704991,0.0,1.0
2014-07-10,5838.585253704991,0.0,1.0
2014-07-11,5838.585253704991,0.0,1.0
2014-07-12,5838.585253704991,0.0,1.0
2014-07-13,5838.585253704991,0.0,1.0
2014-07-14,5838.585253704991,0.0,1.0
2014-07-15,5838.585253704991,0.0,1.0
2014-07-16,5838.585253704991,0.0,1.0
2014-07-17,5838.585253704991,0.0,1.0
2014-07-18,5838.585253704991,0.0,1.0
2014-07-19,5838.585253704991,0.0,1.0
2014-07-20,5838.585253704991,0.0,1.0
2014-07-21,5838.585253704991,0.0,1.0
2014-07-22,5838.585253704991,0.0,1.0
2014-07-23,5838.585253704991,0.0,1.0
2014-07-24,5838.585253704991,0.0,1.0
2014-07-25,5838.585253704991,0.0,1.0
2014-07-26,5838.585253704991,0.0,1.0
2014-07-27,5838.585253704991,0.0,1.0
2014-07-28,5838.585253704991,0.0,1.0
2014-07-29,5838.585253704991,0.0,1.0
2014-07-30,5838.585253704991,0.0,1.0
2014-07-31,5838.585253704991,0.0,1.0
2014-08-01,5838.585253704991,0.0,1.0
2014-08-02,5838.585253704991,0.0,1.0
2014-08-03,5838.585253704991,0.0,1.0
2014-08-04,5838.585253704991,0.0,1.0
2014-08-05,5838.585253704991,0.0,1.0
2014-08-06,5838.585253704991,0.0,1.0
2014-08-07,5838.585253704991,0.0,1.0
2014-08-08,5838.585253704991,0.0,1.0
2014-08-09,5838.585253704991,0.0,1.0
2014-08-10,5838.585253704991,0.0,1.0
2014-08-11,5838.585253704991,105696.0,1.0
2014-08-12,5907.384862446341,233798.0,1.0117836095135704
2014-08-13,5908.8330256047275,119328.0,1.0002451445423157
2014-08-14,5782.530035695168,142708.0,0.9786247150051033
2014-08-15,5754.595913643919,63946.0,0.995169221451715
2014-08-16,5754.595913643919,0.0,1.0
2014-08-17,5754.595913643919,0.0,1.0
2014-08-18,5754.106834384932,48440.0,0.9999150106686332
2014-08-19,5743.562115861933,39674.0,0.9981674447787472
2014-08-20,5729.990776811281,47246.0,0.9976371215672635
2014-08-21,5737.957870825843,15598.0,1.0013904200416526
2014-08-22,5726.420511645847,27818.0,0.9979892917585441
2014-08-23,5726.420511645847,0.0,1.0
2014-08-24,5726.420511645847,0.0,1.0
2014-08-25,5721.724430231726,40176.0,0.9991799272504401
2014-08-26,5742.289765000612,15454.0,1.0035942546726342
2014-08-27,5769.281754479355,16096.0,1.0047005620725133
2014-08-28,5755.594436960576,11954.0,0.9976275525964472
2014-08-29,5778.91932519346,16324.0,1.0040525593817207
2014-08-30,5778.91932519346,0.0,1.0
2014-08-31,5778.91932519346,0.0,1.0
2014-09-01,5802.877845232345,22664.0,1.0041458478117935
2014-09-02,5752.609507073051,34782.0,0.9913373433837497
2014-09-03,5772.9346986652245,10766.0,1.0035332124607421
2014-09-04,5750.448434873671,13020.0,0.9961048816649958
2014-09-05,5757.453527691698,10634.0,1.0012181820074315
2014-09-06,5757.453527691698,0.0,1.0
2014-09-07,5757.453527691698,0.0,1.0
2014-09-08,5757.453527691698,0.0,1.0
2014-09-09,5678.708473598144,34294.0,0.9863229370910573
2014-09-10,5695.260447890743,25146.0,1.0029147427394016
2014-09-11,5700.593562530317,8168.0,1.0009364127748626
2014-09-12,5717.189576097462,5146.0,1.0029112781651772
2014-09-13,5717.189576097462,0.0,1.0
2014-09-14,5717.189576097462,0.0,1.0
2014-09-15,5765.1961657701795,8792.0,1.008396886098272
2014-09-16,5781.289870751943,6568.0,1.0027915277327972
2014-09-17,5773.353386017155,2494.0,0.9986272121079864
2014-09-18,5767.1867331921585,3976.0,0.9989318767772069
2014-09-19,5728.063375380101,11852.0,0.9932162144868851
2014-09-20,5728.063375380101,0.0,1.0
2014-09-21,5728.063375380101,0.0,1.0
2014-09-22,5565.357956538193,20444.0,0.9715950386405927
2014-09-23,5554.976081259229,11374.0,0.9981345539029044
2014-09-24,5596.716222756777,6280.0,1.0075140092210957
2014-09-25,5492.3833746669925,30360.0,0.9813582029287894
2014-09-26,5495.983972383655,13144.0,1.0006555619793895
2014-09-27,5495.983972383655,0.0,1.0
2014-09-28,5495.983972383655,0.0,1.0
2014-09-29,5496.865783801277,6660.0,1.0001604465045846
2014-09-30,5564.623772568759,6968.0,1.0123266587601898
2014-10-01,5564.623772568759,0.0,1.0
2014-10-02,5564.623772568759,0.0,1.0
2014-10-03,5564.623772568759,0.0,1.0
2014-10-04,5564.623772568759,0.0,1.0
2014-10-05,5564.623772568759,0.0,1.0
2014-10-06,5564.623772568759,0.0,1.0
2014-10-07,5564.623772568759,0.0,1.0
2014-10-08,5558.653980025296,3116.0,0.998927188469975
2014-10-09,5588.229100932971,5898.0,1.0053205544029098
2014-10-10,5611.6403246423815,4890.0,1.0041893815172147
2014-10-11,5611.6403246423815,0.0,1.0
2014-10-12,5611.6403246423815,0.0,1.0
2014-10-13,5656.209967636902,13556.0,1.0079423556065776
2014-10-14,5580.65311342357,6462.0,0.9866417875846822
2014-10-15,5553.6845100116525,6656.0,0.9951674825752835
2014-10-16,5556.574423276292,6804.0,1.00052035963862
2014-10-17,5596.171621214865,3240.0,1.0071261887130858
2014-10-18,5596.171621214865,0.0,1.0
2014-10-19,5596.171621214865,0.0,1.0
2014-10-20,5606.486243330293,2050.0,1.001843156860366
2014-10-21,5608.932100316519,1298.0,1.0004362548805208
2014-10-22,5571.686288066825,3842.0,0.993359553729026
2014-10-23,5560.384110633797,2308.0,0.9979714978825648
2014-10-24,5608.508794257436,2068.0,1.0086549207152082
2014-10-25,5608.508794257436,0.0,1.0
2014-10-26,5608.508794257436,0.0,1.0
2014-10-27,5603.877941824646,1046.0,0.9991743166316273
2014-10-28,5593.539883558875,942.0,0.9981551956746573
2014-10-29,5617.093664214261,1958.0,1.0042108899097364
2014-10-30,5579.542806550289,2902.0,0.9933148955832439
2014-10-31,5476.930321956377,13542.0,0.9816091590025178
2014-11-01,5476.930321956377,0.0,1.0
2014-11-02,5476.930321956377,0.0,1.0
2014-11-03,5400.189206289388,4348.0,0.9859882979779123
2014-11-04,5496.594904579594,20824.0,1.0178522815789355
2014-11-05,5485.807994486717,4690.0,0.9980375286372496
2014-11-06,5493.211368375337,1480.0,1.0013495503116516
2014-11-07,5502.435067759557,1172.0,1.0016791087700214
2014-11-08,5502.435067759557,0.0,1.0
2014-11-09,5502.435067759557,0.0,1.0
2014-11-10,5503.880930739409,780.0,1.0002627678404283
2014-11-11,5504.5342067068395,1012.0,1.0001186936955306
2014-11-12,5505.965388931111,738.0,1.0002600006050517
2014-11-13,5486.367235343314,1388.0,0.9964405599738791
2014-11-14,5501.07665302781,274.0,1.0026810851431411
2014-11-15,5501.07665302781,0.0,1.0
2014-11-16,5501.07665302781,0.0,1.0
2014-11-17,5504.818652849741,386.0,1.0006802304454114
2014-11-18,5462.77407187068,2968.0,0.9923622223309219
2014-11-19,5497.239440694199,1634.0,1.0063091331199272
2014-11-20,5495.679760442306,1968.0,0.999716279367359
2014-11-21,5503.780219780218,182.0,1.0014739685882388
2014-11-22,5503.780219780218,0.0,1.0
2014-11-23,5503.780219780218,0.0,1.0
2014-11-24,5519.626681082356,280.0,1.0028791958743533
2014-11-25,5494.211678832116,274.0,0.9953955215237027
2014-11-26,5502.313709488657,1132.0,1.0014746484355082
2014-11-27,5529.727877679722,2734.0,1.0049822982909515
2014-11-28,5528.444623343481,632.0,0.9997679353551157
2014-11-29,5528.444623343481,0.0,1.0
2014-11-30,5528.444623343481,0.0,1.0
2014-12-01,5516.739063263438,256.0,0.9978826666671098
2014-12-02,5525.898651767088,474.0,1.0016603265803607
2014-12-03,5524.1355500772115,122.0,0.9996809384679336
2014-12-04,5524.43655086973,890.0,1.0000544883067748
2014-12-05,5453.586916531585,1186.0,0.9871752288788636
2014-12-06,5453.586916531585,0.0,1.0
2014-12-07,5453.586916531585,0.0,1.0
2014-12-08,5452.24993896625,64.0,0.9997548443646727
2014-12-09,5481.574270694256,188.0,1.0053783909498408
2014-12-10,5535.907692307693,130.0,1.009912010479164
2014-12-11,5550.521739130435,92.0,1.0026398646139005
2014-12-12,5528.368421052632,76.0,0.996008786359375
2014-12-13,5528.368421052632,0.0,1.0
2014-12-14,5528.368421052632,0.0,1.0
2014-12-15,5523.066731769333,30.0,0.9990410029000403
2014-12-16,5541.0,8.0,1.0032469765624072
2014-12-17,5536.857142857143,14.0,0.9992523268105293
2014-12-18,5504.0,8.0,0.9940657412663192
2014-12-19,5534.5814598593615,94.0,1.0055562245384015
2014-12-20,5534.5814598593615,0.0,1.0
2014-12-21,5534.5814598593615,0.0,1.0
2014-12-22,5500.823529411765,34.0,0.9939005450199925
2014-12-23,5472.0,46.0,0.9947601428663088
2014-12-24,5452.0,12.0,0.9963450292397661
2014-12-25,5452.0,0.0,1.0
2014-12-26,5553.272727272727,22.0,1.0185753351564062
2014-12-27,5553.272727272727,0.0,1.0
2014-12-28,5553.272727272727,0.0,1.0
2014-12-29,5620.347826086957,46.0,1.0120784809441856
2014-12-30,5511.999911218182,44.0,0.9807222047066418
2014-12-31,5850.571428571428,14.0,1.0614244417283418
2015-01-01,5850.571428571428,0.0,1.0
2015-01-02,5850.571428571428,0.0,1.0
2015-01-03,5850.571428571428,0.0,1.0
2015-01-04,5850.571428571428,0.0,1.0
2015-01-05,5850.571428571428,0.0,1.0
2015-01-06,5850.571428571428,0.0,1.0
2015-01-07,5850.571428571428,0.0,1.0
2015-01-08,5850.571428571428,0.0,1.0
2015-01-09,5850.571428571428,0.0,1.0
2015-01-10,5850.571428571428,0.0,1.0
2015-01-11,5850.571428571428,0.0,1.0
2015-01-12,5850.571428571428,0.0,1.0
2015-01-13,5850.571428571428,0.0,1.0
2015-01-14,5850.571428571428,0.0,1.0
2015-01-15,5850.571428571428,0.0,1.0
2015-01-16,5850.571428571428,0.0,1.0
2015-01-17,5850.571428571428,0.0,1.0
2015-01-18,5850.571428571428,0.0,1.0
2015-01-19,5850.571428571428,0.0,1.0
2015-01-20,5850.571428571428,0.0,1.0
2015-01-21,5850.571428571428,0.0,1.0
2015-01-22,5850.571428571428,0.0,1.0
2015-01-23,5850.571428571428,0.0,1.0
2015-01-24,5850.571428571428,0.0,1.0
2015-01-25,5850.571428571428,0.0,1.0
2015-01-26,5850.571428571428,0.0,1.0
2015-01-27,5850.571428571428,0.0,1.0
2015-01-28,5850.571428571428,0.0,1.0
2015-01-29,5850.571428571428,0.0,1.0
2015-01-30,5850.571428571428,0.0,1.0
2015-01-31,5850.571428571428,0.0,1.0
2015-02-01,5850.571428571428,0.0,1.0
2015-02-02,5850.571428571428,0.0,1.0
2015-02-03,5850.571428571428,0.0,1.0
2015-02-04,5850.571428571428,0.0,1.0
2015-02-05,5850.571428571428,0.0,1.0
2015-02-06,5850.571428571428,0.0,1.0
2015-02-07,5850.571428571428,0.0,1.0
2015-02-08,5850.571428571428,0.0,1.0
2015-02-09,5850.571428571428,0.0,1.0
2015-02-10,5850.571428571428,0.0,1.0
2015-02-11,5850.571428571428,0.0,1.0
2015-02-12,5850.571428571428,0.0,1.0
2015-02-13,5850.571428571428,0.0,1.0
2015-02-14,5850.571428571428,0.0,1.0
2015-02-15,5850.571428571428,0.0,1.0
2015-02-16,5850.571428571428,0.0,1.0
2015-02-17,5850.571428571428,0.0,1.0
2015-02-18,5850.571428571428,0.0,1.0
2015-02-19,5850.571428571428,0.0,1.0
2015-02-20,5850.571428571428,0.0,1.0
2015-02-21,5850.571428571428,0.0,1.0
2015-02-22,5850.571428571428,0.0,1.0
2015-02-23,5850.571428571428,0.0,1.0
2015-02-24,5850.571428571428,0.0,1.0
2015-02-25,5850.571428571428,0.0,1.0
2015-02-26,5850.571428571428,0.0,1.0
2015-02-27,5850.571428571428,0.0,1.0
2015-02-28,5850.571428571428,0.0,1.0
2015-03-01,5850.571428571428,0.0,1.0
2015-03-02,5850.571428571428,0.0,1.0
2015-03-03,5850.571428571428,0.0,1.0
2015-03-04,5850.571428571428,0.0,1.0
2015-03-05,5850.571428571428,0.0,1.0
2015-03-06,5850.571428571428,0.0,1.0
2015-03-07,5850.571428571428,0.0,1.0
2015-03-08,5850.571428571428,0.0,1.0
2015-03-09,5850.571428571428,0.0,1.0
2015-03-10,5850.571428571428,0.0,1.0
2015-03-11,5850.571428571428,0.0,1.0
2015-03-12,5850.571428571428,0.0,1.0
2015-03-13,5850.571428571428,0.0,1.0
2015-03-14,5850.571428571428,0.0,1.0
2015-03-15,5850.571428571428,0.0,1.0
2015-03-16,5850.571428571428,0.0,1.0
2015-03-17,5850.571428571428,0.0,1.0
2015-03-18,5850.571428571428,0.0,1.0
2015-03-19,5850.571428571428,0.0,1.0
2015-03-20,5850.571428571428,0.0,1.0
2015-03-21,5850.571428571428,0.0,1.0
2015-03-22,5850.571428571428,0.0,1.0
2015-03-23,5850.571428571428,0.0,1.0
2015-03-24,5850.571428571428,0.0,1.0
2015-03-25,5850.571428571428,0.0,1.0
2015-03-26,5850.571428571428,0.0,1.0
2015-03-27,5850.571428571428,0.0,1.0
2015-03-28,5850.571428571428,0.0,1.0
2015-03-29,5850.571428571428,0.0,1.0
2015-03-30,5850.571428571428,0.0,1.0
2015-03-31,5850.571428571428,0.0,1.0
2015-04-01,5850.571428571428,0.0,1.0
2015-04-02,5850.571428571428,0.0,1.0
2015-04-03,5850.571428571428,0.0,1.0
2015-04-04,5850.571428571428,0.0,1.0
2015-04-05,5850.571428571428,0.0,1.0
2015-04-06,5850.571428571428,0.0,1.0
2015-04-07,5850.571428571428,0.0,1.0
2015-04-08,5850.571428571428,0.0,1.0
2015-04-09,5850.571428571428,0.0,1.0
2015-04-10,5850.571428571428,0.0,1.0
2015-04-11,5850.571428571428,0.0,1.0
2015-04-12,5850.571428571428,0.0,1.0
2015-04-13,5850.571428571428,0.0,1.0
2015-04-14,5850.571428571428,0.0,1.0
2015-04-15,5850.571428571428,0.0,1.0
2015-04-16,5850.571428571428,0.0,1.0
2015-04-17,5850.571428571428,0.0,1.0
2015-04-18,5850.571428571428,0.0,1.0
2015-04-19,5850.571428571428,0.0,1.0
2015-04-20,5850.571428571428,0.0,1.0
2015-04-21,5850.571428571428,0.0,1.0
2015-04-22,5850.571428571428,0.0,1.0
2015-04-23,5850.571428571428,0.0,1.0
2015-04-24,5850.571428571428,0.0,1.0
2015-04-25,5850.571428571428,0.0,1.0
2015-04-26,5850.571428571428,0.0,1.0
2015-04-27,4792.666666666667,18.0,0.8191792417509076
2015-04-28,4792.666666666667,0.0,1.0
2015-04-29,5004.625,16.0,1.0442255529280846
2015-04-30,5160.0,8.0,1.0310462821889752
2015-05-01,5160.0,0.0,1.0
2015-05-02,5160.0,0.0,1.0
2015-05-03,5160.0,0.0,1.0
2015-05-04,5160.0,0.0,1.0
2015-05-05,5160.0,0.0,1.0
2015-05-06,5160.0,0.0,1.0
2015-05-07,5160.0,0.0,1.0
2015-05-08,5160.0,0.0,1.0
2015-05-09,5160.0,0.0,1.0
2015-05-10,5160.0,0.0,1.0
2015-05-11,5160.0,0.0,1.0
2015-05-12,5160.0,0.0,1.0
2015-05-13,5160.0,0.0,1.0
2015-05-14,5160.0,0.0,1.0
2015-05-15,5160.0,0.0,1.0
2015-05-16,5160.0,0.0,1.0
2015-05-17,5160.0,0.0,1.0
2015-05-18,5160.0,0.0,1.0
2015-05-19,5160.0,0.0,1.0
2015-05-20,5160.0,0.0,1.0
2015-05-21,5160.0,0.0,1.0
2015-05-22,5160.0,0.0,1.0
2015-05-23,5160.0,0.0,1.0
2015-05-24,5160.0,0.0,1.0
2015-05-25,5160.0,0.0,1.0
2015-05-26,5160.0,0.0,1.0
2015-05-27,5160.0,0.0,1.0
2015-05-28,5160.0,0.0,1.0
2015-05-29,5160.0,0.0,1.0
2015-05-30,5160.0,0.0,1.0
2015-05-31,5160.0,0.0,1.0
2015-06-01,5160.0,0.0,1.0
2015-06-02,5160.0,0.0,1.0
2015-06-03,5160.0,0.0,1.0
2015-06-04,5160.0,0.0,1.0
2015-06-05,5160.0,0.0,1.0
2015-06-06,5160.0,0.0,1.0
2015-06-07,5160.0,0.0,1.0
2015-06-08,5160.0,0.0,1.0
2015-06-09,5160.0,0.0,1.0
2015-06-10,5160.0,0.0,1.0
2015-06-11,5160.0,0.0,1.0
2015-06-12,5160.0,0.0,1.0
2015-06-13,5160.0,0.0,1.0
2015-06-14,5160.0,0.0,1.0
2015-06-15,5160.0,0.0,1.0
2015-06-16,5160.0,0.0,1.0
2015-06-17,5160.0,0.0,1.0
2015-06-18,5160.0,0.0,1.0
2015-06-19,5160.0,0.0,1.0
2015-06-20,5160.0,0.0,1.0
2015-06-21,5160.0,0.0,1.0
2015-06-22,5160.0,0.0,1.0
2015-06-23,5160.0,0.0,1.0
2015-06-24,5160.0,0.0,1.0
2015-06-25,5160.0,0.0,1.0
2015-06-26,5160.0,0.0,1.0
2015-06-27,5160.0,0.0,1.0
2015-06-28,5160.0,0.0,1.0
2015-06-29,5160.0,0.0,1.0
2015-06-30,5160.0,0.0,1.0
2015-07-01,5160.0,0.0,1.0
2015-07-02,5160.0,0.0,1.0
2015-07-03,5160.0,0.0,1.0
2015-07-04,5160.0,0.0,1.0
2015-07-05,5160.0,0.0,1.0
2015-07-06,5160.0,0.0,1.0
2015-07-07,5160.0,0.0,1.0
2015-07-08,5160.0,0.0,1.0
2015-07-09,5160.0,0.0,1.0
2015-07-10,5160.0,0.0,1.0
2015-07-11,5160.0,0.0,1.0
2015-07-12,5160.0,0.0,1.0
2015-07-13,5160.0,0.0,1.0
2015-07-14,5160.0,0.0,1.0
2015-07-15,5160.0,0.0,1.0
2015-07-16,5160.0,0.0,1.0
2015-07-17,5160.0,0.0,1.0
2015-07-18,5160.0,0.0,1.0
2015-07-19,5160.0,0.0,1.0
2015-07-20,5160.0,0.0,1.0
2015-07-21,5094.0,20.0,0.9872093023255814
2015-07-22,5087.6,10.0,0.9987436199450335
2015-07-23,5087.6,0.0,1.0
2015-07-24,5087.6,0.0,1.0
2015-07-25,5087.6,0.0,1.0
2015-07-26,5087.6,0.0,1.0
2015-07-27,5087.6,0.0,1.0
2015-07-28,5070.0,4.0,0.9965406085384071
2015-07-29,5070.0,0.0,1.0
2015-07-30,5070.0,0.0,1.0
2015-07-31,5070.0,0.0,1.0
2015-08-01,5070.0,0.0,1.0
2015-08-02,5070.0,0.0,1.0
2015-08-03,5070.0,0.0,1.0
2015-08-04,5070.0,0.0,1.0
2015-08-05,5070.0,0.0,1.0
2015-08-06,5070.0,0.0,1.0
2015-08-07,5058.0,6.0,0.9976331360946745
2015-08-08,5058.0,0.0,1.0
2015-08-09,5058.0,0.0,1.0
2015-08-10,5058.0,0.0,1.0
2015-08-11,5058.0,0.0,1.0
2015-08-12,5058.0,0.0,1.0
2015-08-13,5058.0,0.0,1.0
2015-08-14,5058.0,0.0,1.0
2015-08-15,5058.0,0.0,1.0
2015-08-16,5058.0,0.0,1.0
2015-08-17,5015.294117647059,34.0,0.9915567650547763
2015-08-18,4969.0,12.0,0.990769411212761
2015-08-19,4969.0,0.0,1.0
2015-08-20,4969.0,0.0,1.0
2015-08-21,4969.0,0.0,1.0
2015-08-22,4969.0,0.0,1.0
2015-08-23,4969.0,0.0,1.0
2015-08-24,4988.0,4.0,1.0038237069832965
2015-08-25,4962.0,16.0,0.9947874899759422
2015-08-26,4962.0,0.0,1.0
2015-08-27,4962.0,0.0,1.0
2015-08-28,4928.4,20.0,0.9932285368802901
2015-08-29,4928.4,0.0,1.0
2015-08-30,4928.4,0.0,1.0
2015-08-31,4971.0,8.0,1.0086437789140492
2015-09-01,4992.4,10.0,1.004304968819151
2015-09-02,4992.4,0.0,1.0
2015-09-03,4992.4,0.0,1.0
2015-09-04,4992.4,0.0,1.0
2015-09-05,4992.4,0.0,1.0
2015-09-06,4992.4,0.0,1.0
2015-09-07,5036.0,4.0,1.0087332745773576
2015-09-08,5036.0,0.0,1.0
2015-09-09,4886.0,6.0,0.9702144559173947
2015-09-10,4886.0,0.0,1.0
2015-09-11,4886.0,0.0,1.0
2015-09-12,4886.0,0.0,1.0
2015-09-13,4886.0,0.0,1.0
2015-09-14,4886.0,0.0,1.0
2015-09-15,5107.345850426983,358.0,1.0453020569846465
2015-09-16,4964.0,46.0,0.9719333965967863
2015-09-17,4977.23076923077,26.0,1.0026653443252962
2015-09-18,4977.23076923077,0.0,1.0
2015-09-19,4977.23076923077,0.0,1.0
2015-09-20,4977.23076923077,0.0,1.0
2015-09-21,5046.0,12.0,1.0138167655786348
2015-09-22,5000.0,14.0,0.9908838684106223
2015-09-23,5000.0,0.0,1.0
2015-09-24,5000.0,0.0,1.0
2015-09-25,4940.0,4.0,0.988
2015-09-26,4940.0,0.0,1.0
2015-09-27,4940.0,0.0,1.0
2015-09-28,4940.0,0.0,1.0
2015-09-29,4940.0,0.0,1.0
2015-09-30,4983.33349609,10.0,1.008771962771255
2015-10-01,4983.33349609,0.0,1.0
2015-10-02,4983.33349609,0.0,1.0
2015-10-03,4983.33349609,0.0,1.0
2015-10-04,4983.33349609,0.0,1.0
2015-10-05,4983.33349609,0.0,1.0
2015-10-06,4983.33349609,0.0,1.0
2015-10-07,4983.33349609,0.0,1.0
2015-10-08,4983.33349609,0.0,1.0
2015-10-09,4932.75,20.0,0.989849465999077
2015-10-10,4932.75,0.0,1.0
2015-10-11,4932.75,0.0,1.0
2015-10-12,4932.75,0.0,1.0
2015-10-13,4932.75,0.0,1.0
2015-10-14,4810.175472861052,38.0,0.9751508738251589
2015-10-15,4746.0,4.0,0.9866583925631967
2015-10-16,4843.5,24.0,1.020543615676359
2015-10-17,4843.5,0.0,1.0
2015-10-18,4843.5,0.0,1.0
2015-10-19,4843.5,0.0,1.0
2015-10-20,4800.0,6.0,0.9910188912976153
2015-10-21,4620.0,16.0,0.9625
2015-10-22,4570.0,4.0,0.9891774891774892
2015-10-23,4658.75,32.0,1.0194201312910285
2015-10-24,4658.75,0.0,1.0
2015-10-25,4658.75,0.0,1.0
2015-10-26,4563.810905905,68.0,0.9796213374628387
2015-10-27,4417.390527342572,70.0,0.9679170803564673
2015-10-28,4218.929060444947,190.0,0.9550726915202093
2015-10-29,4084.7372637944,800.0,0.9681929241454478
2015-10-30,3850.2176501417216,2788.0,0.9425863651668925
2015-10-31,3850.2176501417216,0.0,1.0
2015-11-01,3850.2176501417216,0.0,1.0
2015-11-02,3960.190428226287,6352.0,1.028562743220638
2015-11-03,4011.257924806972,8452.0,1.0128952123657238
2015-11-04,3923.056939045609,6234.0,0.978011639387261
2015-11-05,3892.949079643127,1906.0,0.9923254085091595
2015-11-06,3876.992931500948,970.0,0.9959012697531503
2015-11-07,3876.992931500948,0.0,1.0
2015-11-08,3876.992931500948,0.0,1.0
2015-11-09,3951.305738044121,1650.0,1.0191676404512822
2015-11-10,3917.616796295267,1348.0,0.9914739724075288
2015-11-11,3861.0703984343136,1966.0,0.9855661232833117
2015-11-12,3724.3933422641576,4526.0,0.9646012524854302
2015-11-13,3710.030275609403,3148.0,0.9961435151084168
2015-11-14,3710.030275609403,0.0,1.0
2015-11-15,3710.030275609403,0.0,1.0
2015-11-16,3738.044432073594,2248.0,1.0075509239502338
2015-11-17,3687.680245331173,1706.0,0.9865265949462022
2015-11-18,3737.459526050271,1326.0,1.0134988061348653
2015-11-19,3663.241945592785,1530.0,0.9801422383466133
2015-11-20,3660.970967877505,1066.0,0.9993800634113145
2015-11-21,3660.970967877505,0.0,1.0
2015-11-22,3660.970967877505,0.0,1.0
2015-11-23,3561.0308834305574,1364.0,0.9727012081429073
2015-11-24,3542.563399432741,1532.0,0.9948140062239433
2015-11-25,3626.1531119243514,478.0,1.023595826825568
2015-11-26,3621.36536387344,1512.0,0.9986796619163247
2015-11-27,3528.714925927974,612.0,0.9744156060943914
2015-11-28,3528.714925927974,0.0,1.0
2015-11-29,3528.714925927974,0.0,1.0
2015-11-30,3509.541139427199,564.0,0.9945663543518658
2015-12-01,3550.547686637181,376.0,1.011684304466274
2015-12-02,3510.3424293533967,2008.0,0.9886763224065119
2015-12-03,3423.3637330144297,1404.0,0.9752221619145605
2015-12-04,3421.6276848126454,1996.0,0.999492882341119
2015-12-05,3421.6276848126454,0.0,1.0
2015-12-06,3421.6276848126454,0.0,1.0
2015-12-07,3518.1794877915795,3088.0,1.0282180914678392
2015-12-08,3508.132728291889,2360.0,0.9971443300336001
2015-12-09,3491.5676936663667,688.0,0.9952781049325953
2015-12-10,3487.7278094331405,242.0,0.9989002406454294
2015-12-11,3503.3510119376533,196.0,1.0044794787202882
2015-12-12,3503.3510119376533,0.0,1.0
2015-12-13,3503.3510119376533,0.0,1.0
2015-12-14,3520.998646575704,298.0,1.0050373583971222
2015-12-15,3549.7958268630127,498.0,1.008178696778346
2015-12-16,3606.362616645124,324.0,1.0159352234723031
2015-12-17,3619.617021276596,94.0,1.0036752833922735
2015-12-18,3668.0717084097637,170.0,1.0133866889365213
2015-12-19,3668.0717084097637,0.0,1.0
2015-12-20,3668.0717084097637,0.0,1.0
2015-12-21,3763.131241926378,254.0,1.0259153967188461
2015-12-22,3678.083496093962,212.0,0.977399739641055
2015-12-23,3648.814792208333,36.0,0.9920424036276742
2015-12-24,3640.0,4.0,0.9975842039921686
2015-12-25,3576.0,8.0,0.9824175824175824
2015-12-26,3576.0,0.0,1.0
2015-12-27,3576.0,0.0,1.0
2015-12-28,3629.666666666666,18.0,1.0150074571215508
2015-12-29,3602.75,16.0,0.9925842593442926
2015-12-30,3617.3133398440004,100.0,1.0040422843228092
2015-12-31,3666.243733723333,96.0,1.0135267225375182
2016-01-01,3666.243733723333,0.0,1.0
2016-01-02,3666.243733723333,0.0,1.0
2016-01-03,3666.243733723333,0.0,1.0
2016-01-04,3694.1481119777777,18.0,1.0076111628907185
2016-01-05,3605.3526717491295,92.0,0.9759632160008038
2016-01-06,3615.615384615385,26.0,1.002846521214602
2016-01-07,3637.8,40.0,1.0061357785673253
2016-01-08,3762.0002981333655,416.0,1.0341415960562332
2016-01-09,3762.0002981333655,0.0,1.0
2016-01-10,3762.0002981333655,0.0,1.0
2016-01-11,3868.26274414151,490.0,1.0282462619848463
2016-01-12,3869.266962802533,442.0,1.000259604563455
2016-01-13,3867.192052980132,302.0,0.9994637460164035
2016-01-14,3995.9508049842857,1078.0,1.033295153237846
2016-01-15,4101.975357587498,2752.0,1.026532997471081
2016-01-16,4101.975357587498,0.0,1.0
2016-01-17,4101.975357587498,0.0,1.0
2016-01-18,4112.5675301261535,2002.0,1.00258221262082
2016-01-19,4079.814950589812,638.0,0.9920359776960703
2016-01-20,4007.667074434541,1502.0,0.9823158949538041
2016-01-21,4067.6657320200547,730.0,1.0149709685138901
2016-01-22,4106.5026248253835,780.0,1.0095477100046866
2016-01-23,4106.5026248253835,0.0,1.0
2016-01-24,4106.5026248253835,0.0,1.0
2016-01-25,4064.6853146853146,286.0,0.9898168066696786
2016-01-26,4100.341334987297,296.0,1.0087721477904232
2016-01-27,4125.0700341789,200.0,1.0060308879606188
2016-01-28,4086.1333580497535,324.0,0.9905609660426294
2016-01-29,4088.0346116287183,312.0,1.000465294059779
2016-01-30,4088.0346116287183,0.0,1.0
2016-01-31,4088.0346116287183,0.0,1.0
2016-02-01,4114.979345271681,226.0,1.0065911217009555
2016-02-02,4106.061224489797,98.0,0.9978327665746045
2016-02-03,4118.518518518518,54.0,1.0030338792696083
2016-02-04,4161.237131426774,372.0,1.0103723250766448
2016-02-05,4171.4035087719285,114.0,1.0024431141566952
2016-02-06,4171.4035087719285,0.0,1.0
2016-02-07,4171.4035087719285,0.0,1.0
2016-02-08,4171.4035087719285,0.0,1.0
2016-02-09,4171.4035087719285,0.0,1.0
2016-02-10,4171.4035087719285,0.0,1.0
2016-02-11,4171.4035087719285,0.0,1.0
2016-02-12,4171.4035087719285,0.0,1.0
2016-02-13,4171.4035087719285,0.0,1.0
2016-02-14,4171.4035087719285,0.0,1.0
2016-02-15,4176.439941407,40.0,1.0012073712419527
2016-02-16,4198.839285714285,112.0,1.0053632626403193
2016-02-17,4169.7829752608895,90.0,0.9930799184069145
2016-02-18,4158.294117647059,34.0,0.9972447348742144
2016-02-19,4191.333333333333,36.0,1.007945377299326
2016-02-20,4191.333333333333,0.0,1.0
2016-02-21,4191.333333333333,0.0,1.0
2016-02-22,4309.758493523772,228.0,1.0282547702060854
2016-02-23,4275.041666666667,48.0,0.9919446003971514
2016-02-24,4260.212765957447,94.0,0.9965312851042263
2016-02-25,4287.621621621622,74.0,1.0064336823463826
2016-02-26,4208.971833405741,216.0,0.9816565464127558
2016-02-27,4208.971833405741,0.0,1.0
2016-02-28,4208.971833405741,0.0,1.0
2016-02-29,4271.682830810312,128.0,1.0148993625727898
2016-03-01,4398.359409876275,392.0,1.029654958966589
2016-03-02,4686.584483507195,2160.0,1.0655301322087791
2016-03-03,4731.951644141048,3110.0,1.0096802182471065
2016-03-04,4683.678364962995,2244.0,0.9897984419942619
2016-03-05,4683.678364962995,0.0,1.0
2016-03-06,4683.678364962995,0.0,1.0
2016-03-07,4683.678364962995,0.0,1.0
2016-03-08,5102.766397842926,1812.0,1.0894783971536104
2016-03-09,4921.195289475024,1230.0,0.9644171231423297
2016-03-10,4828.419529334705,918.0,0.981147718250739
2016-03-11,4851.1945229593575,1060.0,1.0047168630410603
2016-03-12,4851.1945229593575,0.0,1.0
2016-03-13,4851.1945229593575,0.0,1.0
2016-03-14,4855.365970008125,608.0,1.0008598803921438
2016-03-15,4817.798104058063,526.0,0.9922626087956867
2016-03-16,4845.34701091848,342.0,1.0057181530370094
2016-03-17,4926.1975783946555,434.0,1.0166862285186153
2016-03-18,4943.098512922365,448.0,1.0034308275822785
2016-03-19,4943.098512922365,0.0,1.0
2016-03-20,4943.098512922365,0.0,1.0
2016-03-21,4813.6999875329775,564.0,0.9738223858878978
2016-03-22,4742.801440135703,498.0,0.9852715068282413
2016-03-23,4734.115218623733,434.0,0.9981685462439006
2016-03-24,4606.486071777704,880.0,0.9730405490884667
2016-03-25,4662.7466601564,200.0,1.0122133416886647
2016-03-26,4662.7466601564,0.0,1.0
2016-03-27,4662.7466601564,0.0,1.0
2016-03-28,4527.647005546456,2494.0,0.9710257355896293
2016-03-29,4528.247649321384,592.0,1.0001326613523962
2016-03-30,4519.325126890828,314.0,0.9980295860294006
2016-03-31,4505.7291870112485,144.0,0.9969915995203176
2016-04-01,4527.5282260091835,466.0,1.0048380712850598
2016-04-02,4527.5282260091835,0.0,1.0
2016-04-03,4527.5282260091835,0.0,1.0
2016-04-04,4527.5282260091835,0.0,1.0
2016-04-05,4484.15626067388,366.0,0.9904203876441574
2016-04-06,4492.729446230824,170.0,1.0019118837655439
2016-04-07,4498.614457831325,166.0,1.0013098967277985
2016-04-08,4473.324497767857,112.0,0.994378277956351
2016-04-09,4473.324497767857,0.0,1.0
2016-04-10,4473.324497767857,0.0,1.0
2016-04-11,4513.4937413530215,384.0,1.0089797294171725
2016-04-12,4472.872560554178,498.0,0.9910000582416524
2016-04-13,4585.841070343458,1492.0,1.0252563667441676
2016-04-14,4607.669277183368,974.0,1.0047599135044325
2016-04-15,4464.871647279688,898.0,0.969008706720598
2016-04-16,4464.871647279688,0.0,1.0
2016-04-17,4464.871647279688,0.0,1.0
2016-04-18,4374.9143595588175,812.0,0.9798522119273735
2016-04-19,4289.1853069610825,924.0,0.9804044043946999
2016-04-20,4293.432542844267,1064.0,1.0009902197222142
2016-04-21,4389.283060826057,1050.0,1.022324915327141
2016-04-22,4312.94863929639,482.0,0.982608908910217
2016-04-23,4312.94863929639,0.0,1.0
2016-04-24,4312.94863929639,0.0,1.0
2016-04-25,4304.824561403509,114.0,0.9981163518111806
2016-04-26,4315.261538461538,130.0,1.002424483718014
2016-04-27,4309.3088804469735,218.0,0.9986205568396007
2016-04-28,4223.384615384615,26.0,0.9800607783182518
2016-04-29,4181.3618827140735,162.0,0.990049986800287
2016-04-30,4181.3618827140735,0.0,1.0
2016-05-01,4181.3618827140735,0.0,1.0
2016-05-02,4181.3618827140735,0.0,1.0
2016-05-03,4366.639143318621,116.0,1.0443102667985977
2016-05-04,4351.355533854667,60.0,0.9964999147027435
2016-05-05,4329.1571661092385,210.0,0.994898516663895
2016-05-06,4237.280736018947,76.0,0.9787772939246593
2016-05-07,4237.280736018947,0.0,1.0
2016-05-08,4237.280736018947,0.0,1.0
2016-05-09,4094.643425992869,258.0,0.9663375360491007
2016-05-10,4051.0,300.0,0.9893413366067922
2016-05-11,4034.712934777765,376.0,0.9959794951315144
2016-05-12,4033.7484606093126,262.0,0.9997609559381192
2016-05-13,3995.6689641692683,984.0,0.9905597741624443
2016-05-14,3995.6689641692683,0.0,1.0
2016-05-15,3995.6689641692683,0.0,1.0
2016-05-16,4082.4246575342468,146.0,1.0217124326722136
2016-05-17,4073.6618177029204,226.0,0.9978535207465117
2016-05-18,4072.8382352941176,136.0,0.9997978274963268
2016-05-19,4077.3563106137926,58.0,1.001109318627124
2016-05-20,3965.808356624774,1462.0,0.9726420882818979
2016-05-21,3965.808356624774,0.0,1.0
2016-05-22,3965.808356624774,0.0,1.0
2016-05-23,3939.7317044198853,522.0,0.9934246312832216
2016-05-24,3954.9456166050877,228.0,1.0038616619929053
2016-05-25,3979.625683060109,366.0,1.0062403048859636
2016-05-26,3976.909090909091,66.0,0.9993173749575037
2016-05-27,3978.191670735833,144.0,1.0003225066999077
2016-05-28,3978.191670735833,0.0,1.0
2016-05-29,3978.191670735833,0.0,1.0
2016-05-30,3971.0,88.0,0.9981922261843902
2016-05-31,3968.775168933908,174.0,0.9994397302779924
2016-06-01,3964.666666666666,24.0,0.9989647933953524
2016-06-02,4073.105300903365,416.0,1.0273512613679248
2016-06-03,4221.804471628947,570.0,1.036507568486531
2016-06-04,4221.804471628947,0.0,1.0
2016-06-05,4221.804471628947,0.0,1.0
2016-06-06,4158.208079178384,260.0,0.9849362060990889
2016-06-07,4172.374828440946,148.0,1.003406936111134
2016-06-08,4164.0,50.0,0.9979927909679018
2016-06-09,4164.0,0.0,1.0
2016-06-10,4164.0,0.0,1.0
2016-06-11,4164.0,0.0,1.0
2016-06-12,4164.0,0.0,1.0
2016-06-13,4155.937668678,220.0,0.9980638013155619
2016-06-14,4109.145740325952,168.0,0.9887409455861901
2016-06-15,4132.666601564,20.0,1.005724027017884
2016-06-16,4124.333333333333,24.0,0.9979835614546033
2016-06-17,4116.25,16.0,0.9980400872868344
2016-06-18,4116.25,0.0,1.0
2016-06-19,4116.25,0.0,1.0
2016-06-20,4144.943109279268,82.0,1.0069706915953278
2016-06-21,4121.419354838709,62.0,0.9943247099368152
2016-06-22,4124.444444444444,36.0,1.0007339921869838
2016-06-23,4108.8,20.0,0.9962068965517242
2016-06-24,4030.8148989473907,368.0,0.9810199812469311
2016-06-25,4030.8148989473907,0.0,1.0
2016-06-26,4030.8148989473907,0.0,1.0
2016-06-27,4071.467091116156,614.0,1.0100853532568268
2016-06-28,4158.234546149897,388.0,1.0213111031212965
2016-06-29,4152.961340666606,218.0,0.9987318643465714
2016-06-30,4147.594770951455,330.0,0.9987077727734663
2016-07-01,4163.468318827778,342.0,1.0038271694205751
2016-07-02,4163.468318827778,0.0,1.0
2016-07-03,4163.468318827778,0.0,1.0
2016-07-04,4294.240691450489,1064.0,1.0314094794552275
2016-07-05,4150.966764529022,634.0,0.9666357949598133
2016-07-06,4052.5732899022796,614.0,0.9762962509197767
2016-07-07,4077.3573602900897,222.0,1.0061156377972396
2016-07-08,4000.0,4000.0,0.9810275741235038
2016-07-09,4000.0,0.0,1.0
2016-07-10,4000.0,0.0,1.0
2016-07-11,4000.0,0.0,1.0
2016-07-12,4332.0,4.0,1.083
2016-07-13,4385.6,10.0,1.0123730378578024
2016-07-14,4328.0,4.0,0.9868661072601239
2016-07-15,4398.0,6.0,1.016173752310536
2016-07-16,4398.0,0.0,1.0
2016-07-17,4398.0,0.0,1.0
2016-07-18,4398.0,0.0,1.0
2016-07-19,4398.0,0.0,1.0
2016-07-20,4398.0,0.0,1.0
2016-07-21,4398.0,0.0,1.0
2016-07-22,4398.0,0.0,1.0
2016-07-23,4398.0,0.0,1.0
2016-07-24,4398.0,0.0,1.0
2016-07-25,4398.0,0.0,1.0
2016-07-26,4398.0,0.0,1.0
2016-07-27,4398.0,0.0,1.0
2016-07-28,4398.0,0.0,1.0
2016-07-29,4398.0,0.0,1.0
2016-07-30,4398.0,0.0,1.0
2016-07-31,4398.0,0.0,1.0
2016-08-01,4398.0,0.0,1.0
2016-08-02,4398.0,0.0,1.0
2016-08-03,4398.0,0.0,1.0
2016-08-04,4398.0,0.0,1.0
2016-08-05,4398.0,0.0,1.0
2016-08-06,4398.0,0.0,1.0
2016-08-07,4398.0,0.0,1.0
2016-08-08,4398.0,0.0,1.0
2016-08-09,4398.0,0.0,1.0
2016-08-10,4398.0,0.0,1.0
2016-08-11,4398.0,0.0,1.0
2016-08-12,4398.0,0.0,1.0
2016-08-13,4398.0,0.0,1.0
2016-08-14,4398.0,0.0,1.0
2016-08-15,4398.0,0.0,1.0
2016-08-16,4398.0,0.0,1.0
2016-08-17,4398.0,0.0,1.0
2016-08-18,4398.0,0.0,1.0
2016-08-19,4398.0,0.0,1.0
2016-08-20,4398.0,0.0,1.0
2016-08-21,4398.0,0.0,1.0
2016-08-22,4398.0,0.0,1.0
2016-08-23,4398.0,0.0,1.0
2016-08-24,4398.0,0.0,1.0
2016-08-25,4398.0,0.0,1.0
2016-08-26,4398.0,0.0,1.0
2016-08-27,4398.0,0.0,1.0
2016-08-28,4398.0,0.0,1.0
2016-08-29,4398.0,0.0,1.0
2016-08-30,4398.0,0.0,1.0
2016-08-31,4398.0,0.0,1.0
2016-09-01,4398.0,0.0,1.0
2016-09-02,4398.0,0.0,1.0
2016-09-03,4398.0,0.0,1.0
2016-09-04,4398.0,0.0,1.0
2016-09-05,4398.0,0.0,1.0
2016-09-06,4398.0,0.0,1.0
2016-09-07,4398.0,0.0,1.0
2016-09-08,4398.0,0.0,1.0
2016-09-09,4398.0,0.0,1.0
2016-09-10,4398.0,0.0,1.0
2016-09-11,4398.0,0.0,1.0
2016-09-12,4398.0,0.0,1.0
2016-09-13,4398.0,0.0,1.0
2016-09-14,4398.0,0.0,1.0
2016-09-15,4398.0,0.0,1.0
2016-09-16,4398.0,0.0,1.0
2016-09-17,4398.0,0.0,1.0
2016-09-18,4398.0,0.0,1.0
2016-09-19,4398.0,0.0,1.0
2016-09-20,4398.0,0.0,1.0
2016-09-21,4398.0,0.0,1.0
2016-09-22,4398.0,0.0,1.0
2016-09-23,4398.0,0.0,1.0
2016-09-24,4398.0,0.0,1.0
2016-09-25,4398.0,0.0,1.0
2016-09-26,4398.0,0.0,1.0
2016-09-27,4398.0,0.0,1.0
2016-09-28,4816.0,4.0,1.095043201455207
2016-09-29,4816.0,0.0,1.0
2016-09-30,4816.0,0.0,1.0
2016-10-01,4816.0,0.0,1.0
2016-10-02,4816.0,0.0,1.0
2016-10-03,4816.0,0.0,1.0
2016-10-04,4816.0,0.0,1.0
2016-10-05,4816.0,0.0,1.0
2016-10-06,4816.0,0.0,1.0
2016-10-07,4816.0,0.0,1.0
2016-10-08,4816.0,0.0,1.0
2016-10-09,4816.0,0.0,1.0
2016-10-10,4816.0,0.0,1.0
2016-10-11,4816.0,0.0,1.0
2016-10-12,4816.0,0.0,1.0
2016-10-13,4816.0,0.0,1.0
2016-10-14,5156.0,6.0,1.0705980066445182
2016-10-15,5156.0,0.0,1.0
2016-10-16,5156.0,0.0,1.0
2016-10-17,5156.0,0.0,1.0
2016-10-18,5156.0,0.0,1.0
2016-10-19,5156.0,0.0,1.0
2016-10-20,5156.0,0.0,1.0
2016-10-21,5156.0,0.0,1.0
2016-10-22,5156.0,0.0,1.0
2016-10-23,5156.0,0.0,1.0
2016-10-24,5156.0,0.0,1.0
2016-10-25,5156.0,0.0,1.0
2016-10-26,5156.0,0.0,1.0
2016-10-27,5156.0,0.0,1.0
2016-10-28,5156.0,0.0,1.0
2016-10-29,5156.0,0.0,1.0
2016-10-30,5156.0,0.0,1.0
2016-10-31,5156.0,0.0,1.0
2016-11-01,5156.0,0.0,1.0
2016-11-02,5156.0,0.0,1.0
2016-11-03,5156.0,0.0,1.0
2016-11-04,5156.0,0.0,1.0
2016-11-05,5156.0,0.0,1.0
2016-11-06,5156.0,0.0,1.0
2016-11-07,5156.0,0.0,1.0
2016-11-08,5156.0,0.0,1.0
2016-11-09,5156.0,0.0,1.0
2016-11-10,5156.0,0.0,1.0
2016-11-11,5156.0,0.0,1.0
2016-11-12,5156.0,0.0,1.0
2016-11-13,5156.0,0.0,1.0
2016-11-14,5156.0,0.0,1.0
2016-11-15,5156.0,0.0,1.0
2016-11-16,5156.0,0.0,1.0
2016-11-17,5156.0,0.0,1.0
2016-11-18,5156.0,0.0,1.0
2016-11-19,5156.0,0.0,1.0
2016-11-20,5156.0,0.0,1.0
2016-11-21,5156.0,0.0,1.0
2016-11-22,5156.0,0.0,1.0
2016-11-23,5156.0,0.0,1.0
2016-11-24,5156.0,0.0,1.0
2016-11-25,5156.0,0.0,1.0
2016-11-26,5156.0,0.0,1.0
2016-11-27,5156.0,0.0,1.0
2016-11-28,5156.0,0.0,1.0
2016-11-29,5156.0,0.0,1.0
2016-11-30,5156.0,0.0,1.0
2016-12-01,5156.0,0.0,1.0
2016-12-02,5156.0,0.0,1.0
2016-12-03,5156.0,0.0,1.0
2016-12-04,5156.0,0.0,1.0
2016-12-05,5156.0,0.0,1.0
2016-12-06,5156.0,0.0,1.0
2016-12-07,5156.0,0.0,1.0
2016-12-08,5156.0,0.0,1.0
2016-12-09,5156.0,0.0,1.0
2016-12-10,5156.0,0.0,1.0
2016-12-11,5156.0,0.0,1.0
2016-12-12,5156.0,0.0,1.0
2016-12-13,5156.0,0.0,1.0
2016-12-14,5156.0,0.0,1.0
2016-12-15,5156.0,0.0,1.0
2016-12-16,5156.0,0.0,1.0
2016-12-17,5156.0,0.0,1.0
2016-12-18,5156.0,0.0,1.0
2016-12-19,5156.0,0.0,1.0
2016-12-20,5156.0,0.0,1.0
2016-12-21,5156.0,0.0,1.0
2016-12-22,5156.0,0.0,1.0
2016-12-23,5156.0,0.0,1.0
2016-12-24,5156.0,0.0,1.0
2016-12-25,5156.0,0.0,1.0
2016-12-26,5156.0,0.0,1.0
2016-12-27,5156.0,0.0,1.0
2016-12-28,5156.0,0.0,1.0
2016-12-29,5156.0,0.0,1.0
2016-12-30,5156.0,0.0,1.0
